user_id,first_name,last_name,email,gender,biography,departament_id,teacher_id
1,Jedd,Powys,jpowys0@photobucket.com,M,,4,728
2,Vidovic,Olczak,volczak1@dell.com,M,orci luctus et ultrices posuere cubilia curae,3,846
3,Belvia,Richardon,brichardon2@scientificamerican.com,F,,2,589
4,Peggi,Janowicz,pjanowicz3@hp.com,F,ipsum primis in faucibus orci luctus et,2,928
5,Windham,Fitzroy,wfitzroy4@salon.com,M,nisl nunc rhoncus dui vel sem,2,788
6,Maximo,Longhi,mlonghi5@auda.org.au,M,dolor vel est donec odio justo sollicitudin ut suscipit,1,593
7,Corbin,Elves,celves6@unicef.org,M,aenean lectus pellentesque eget nunc donec quis orci eget,4,893
8,Kenyon,O'Suaird,kosuaird7@accuweather.com,M,consequat nulla nisl nunc nisl duis bibendum felis sed,4,594
9,Barbee,Ivanishchev,bivanishchev8@jiathis.com,F,sed justo pellentesque viverra pede ac diam cras pellentesque,2,549
10,Martha,Mattiello,mmattiello9@bloomberg.com,F,vestibulum ante ipsum primis in faucibus orci luctus,4,942
11,Aretha,Ailsbury,aailsburya@shareasale.com,F,mauris laoreet ut rhoncus aliquet pulvinar sed nisl,2,644
12,Hashim,Barttrum,hbarttrumb@dropbox.com,M,nullam varius nulla facilisi cras non velit nec nisi vulputate,4,567
13,Benedick,Howsin,bhowsinc@1688.com,M,elit ac nulla sed vel enim sit,4,702
14,Arel,Henric,ahenricd@storify.com,M,imperdiet et commodo vulputate justo in blandit ultrices,4,556
15,Susan,Axell,saxelle@ning.com,F,sapien cursus vestibulum proin eu mi nulla ac enim,3,928
16,Audry,Charpin,acharpinf@biblegateway.com,F,nisl aenean lectus pellentesque eget nunc donec quis,4,791
17,Grant,Beurich,gbeurichg@cmu.edu,M,pede posuere nonummy integer non velit donec diam neque vestibulum,1,739
18,Heinrik,Rubbert,hrubberth@hao123.com,M,erat eros viverra eget congue eget semper rutrum nulla nunc,2,648
19,Jack,Yo,jyoi@icio.us,M,eu massa donec dapibus duis at velit,4,748
20,Charlene,Pardey,cpardeyj@digg.com,F,,3,595
21,Mariel,Tooby,mtoobyk@shutterfly.com,F,pellentesque ultrices phasellus id sapien in sapien iaculis congue,1,958
22,Tristam,Tebbut,ttebbutl@mediafire.com,M,ultrices posuere cubilia curae mauris viverra diam vitae,5,681
23,Culley,Moutray Read,cmoutrayreadm@patch.com,M,dapibus nulla suscipit ligula in,5,756
24,Meridel,Meineking,mmeinekingn@woothemes.com,F,rhoncus sed vestibulum sit amet cursus id,4,750
25,Marena,Dakin,mdakino@xrea.com,F,in imperdiet et commodo vulputate justo in blandit ultrices enim,1,625
26,Shellysheldon,D' Angelo,sdangelop@wix.com,M,vehicula consequat morbi a ipsum integer a nibh,3,669
27,Reube,Peck,rpeckq@webs.com,M,sed augue aliquam erat volutpat in congue,1,654
28,Gabie,Heikkinen,gheikkinenr@drupal.org,M,lacus purus aliquet at feugiat,1,997
29,Darwin,Christie,dchristies@patch.com,M,,5,739
30,Karl,Piddlehinton,kpiddlehintont@admin.ch,M,massa id lobortis convallis tortor risus dapibus,1,939
31,Hart,Blomefield,hblomefieldu@trellian.com,M,donec quis orci eget orci vehicula,1,527
32,Andres,Jerzykiewicz,ajerzykiewiczv@usatoday.com,M,,1,651
33,Rubin,Fuzzard,rfuzzardw@weebly.com,M,praesent lectus vestibulum quam sapien varius,3,542
34,Raven,Denisyuk,rdenisyukx@liveinternet.ru,F,nullam orci pede venenatis non,1,986
35,Jimmy,Brezlaw,jbrezlawy@ustream.tv,M,facilisi cras non velit nec nisi vulputate nonummy maecenas,3,635
36,Jase,Bronger,jbrongerz@amazonaws.com,M,natoque penatibus et magnis dis parturient montes nascetur ridiculus,1,949
37,Lizette,Riply,lriply10@4shared.com,F,quis justo maecenas rhoncus aliquam lacus morbi quis,2,600
38,Krishna,Cringle,kcringle11@census.gov,M,dictumst morbi vestibulum velit id pretium iaculis diam erat,4,835
39,Carrissa,Duffell,cduffell12@smh.com.au,F,nulla integer pede justo lacinia eget tincidunt eget,1,692
40,Quint,Kedwell,qkedwell13@sfgate.com,M,turpis eget elit sodales scelerisque mauris sit,5,578
41,Gwen,Whitewood,gwhitewood14@vk.com,F,consectetuer adipiscing elit proin interdum mauris non,3,709
42,Ardene,Moyler,amoyler15@yale.edu,F,lorem ipsum dolor sit amet consectetuer adipiscing elit,3,556
43,Paten,Brabin,pbrabin16@github.io,M,quam sapien varius ut blandit non interdum in ante,1,920
44,Monte,Grima,mgrima17@bigcartel.com,M,non velit nec nisi vulputate nonummy maecenas,4,664
45,Red,Etchells,retchells18@amazon.co.jp,M,tortor quis turpis sed ante vivamus tortor duis mattis egestas,3,690
46,Ferdinande,Leaves,fleaves19@sakura.ne.jp,F,aliquet pulvinar sed nisl nunc rhoncus dui vel,1,630
47,Jefferson,Schrieves,jschrieves1a@seesaa.net,M,quam fringilla rhoncus mauris enim leo rhoncus sed vestibulum sit,2,833
48,Stillman,Garnar,sgarnar1b@prnewswire.com,M,aliquet at feugiat non pretium quis lectus,3,892
49,Dari,Duhig,dduhig1c@mashable.com,F,consequat in consequat ut nulla sed accumsan felis ut at,5,956
50,Tallia,Manwaring,tmanwaring1d@nsw.gov.au,F,nulla ut erat id mauris vulputate elementum nullam varius nulla,2,705
51,Addi,Basillon,abasillon1e@sciencedirect.com,F,porta volutpat erat quisque erat,2,678
52,Nigel,Izak,nizak1f@woothemes.com,M,non ligula pellentesque ultrices phasellus id sapien in sapien,2,735
53,Andria,Scarr,ascarr1g@uol.com.br,F,nibh in lectus pellentesque at nulla suspendisse potenti cras,2,667
54,Sibeal,McDermott,smcdermott1h@storify.com,F,,3,601
55,Wakefield,Nowell,wnowell1i@bing.com,M,integer ac leo pellentesque ultrices mattis odio,1,686
56,Gaylord,Beney,gbeney1j@bigcartel.com,M,quis justo maecenas rhoncus aliquam lacus morbi quis tortor id,2,803
57,Constanta,Bage,cbage1k@g.co,F,donec diam neque vestibulum eget vulputate ut ultrices vel,4,847
58,Seumas,Mayhead,smayhead1l@soup.io,M,ridiculus mus vivamus vestibulum sagittis sapien,4,594
59,Allene,Noad,anoad1m@pen.io,F,ultrices posuere cubilia curae donec pharetra magna vestibulum aliquet ultrices,3,768
60,Sylas,Heinke,sheinke1n@bandcamp.com,M,sem duis aliquam convallis nunc,2,869
61,Auberon,Aven,aaven1o@unc.edu,M,morbi odio odio elementum eu interdum eu tincidunt,1,799
62,Tristan,Jikylls,tjikylls1p@independent.co.uk,M,fusce consequat nulla nisl nunc nisl,4,877
63,Zachery,Schrinel,zschrinel1q@nydailynews.com,M,,4,791
64,Wilona,Shepcutt,wshepcutt1r@deliciousdays.com,F,rhoncus aliquet pulvinar sed nisl nunc rhoncus dui,4,505
65,Antonina,Avon,aavon1s@dot.gov,F,mattis odio donec vitae nisi nam ultrices libero non,3,892
66,Devora,Folini,dfolini1t@wiley.com,F,pede justo lacinia eget tincidunt,3,817
67,Mandel,Haddrill,mhaddrill1u@irs.gov,M,integer aliquet massa id lobortis convallis,3,646
68,Edgar,Dowling,edowling1v@webs.com,M,leo maecenas pulvinar lobortis est,3,536
69,Shay,Hallewell,shallewell1w@youku.com,F,lorem id ligula suspendisse ornare consequat lectus,3,531
70,Mellisa,Joul,mjoul1x@twitter.com,F,praesent lectus vestibulum quam sapien varius,5,664
71,Vernice,Toyne,vtoyne1y@github.io,F,aenean sit amet justo morbi,1,529
72,Mateo,Fasey,mfasey1z@howstuffworks.com,M,eleifend pede libero quis orci nullam molestie nibh,2,881
73,Starlene,Rhys,srhys20@ehow.com,F,vulputate elementum nullam varius nulla,5,627
74,Spence,Charker,scharker21@liveinternet.ru,M,quisque id justo sit amet sapien dignissim vestibulum,5,834
75,Amata,Carnock,acarnock22@independent.co.uk,F,cras pellentesque volutpat dui maecenas tristique est et,1,708
76,Kippy,Claypool,kclaypool23@diigo.com,F,justo sollicitudin ut suscipit a feugiat et eros,5,655
77,Emmalyn,Dongate,edongate24@un.org,F,erat quisque erat eros viverra eget congue,2,816
78,Abran,Poynter,apoynter25@biblegateway.com,M,cursus id turpis integer aliquet massa id lobortis convallis tortor,3,706
79,Fredi,Blader,fblader26@un.org,F,,3,685
80,Chad,Playle,cplayle27@sina.com.cn,M,cras pellentesque volutpat dui maecenas tristique est,1,794
81,Terrance,Howieson,thowieson28@plala.or.jp,M,ultrices posuere cubilia curae mauris,2,802
82,Felice,Venny,fvenny29@mac.com,M,interdum mauris non ligula pellentesque ultrices phasellus id sapien in,2,872
83,Alene,Hambridge,ahambridge2a@eepurl.com,F,quis libero nullam sit amet,4,764
84,Pearl,Sheather,psheather2b@biglobe.ne.jp,F,maecenas tristique est et tempus semper est quam,3,864
85,Barnie,Merrell,bmerrell2c@rakuten.co.jp,M,in purus eu magna vulputate luctus cum sociis,1,663
86,Kellie,Gatfield,kgatfield2d@auda.org.au,F,,4,951
87,Nelle,Fairfull,nfairfull2e@pcworld.com,F,convallis morbi odio odio elementum eu interdum eu,4,565
88,Lucio,Sivier,lsivier2f@fda.gov,M,in tempus sit amet sem,2,584
89,Boothe,Fumagalli,bfumagalli2g@hibu.com,M,tortor risus dapibus augue vel,1,606
90,Adela,Armit,aarmit2h@yellowpages.com,F,consequat metus sapien ut nunc vestibulum ante ipsum primis,4,942
91,Sterling,Frarey,sfrarey2i@w3.org,M,duis bibendum morbi non quam nec dui luctus,4,848
92,Waring,Swarbrick,wswarbrick2j@tmall.com,M,,5,986
93,Emlynn,O'Keenan,eokeenan2k@google.com.au,F,enim lorem ipsum dolor sit amet consectetuer,4,781
94,Fanchette,Eayres,feayres2l@ovh.net,F,primis in faucibus orci luctus et ultrices posuere cubilia,2,611
95,Calla,Aime,caime2m@t-online.de,F,felis donec semper sapien a libero nam dui proin,2,828
96,Lemmy,McCritichie,lmccritichie2n@weibo.com,M,hac habitasse platea dictumst etiam faucibus cursus urna,2,683
97,Bendite,Dufoure,bdufoure2o@whitehouse.gov,F,mauris eget massa tempor convallis,2,708
98,Johnette,Malcher,jmalcher2p@utexas.edu,F,nibh in quis justo maecenas,2,565
99,Steven,Lacroutz,slacroutz2q@home.pl,M,nulla suscipit ligula in lacus curabitur,4,559
100,Erastus,Snadden,esnadden2r@miibeian.gov.cn,M,lectus suspendisse potenti in eleifend quam a,4,634
101,Mannie,Banbrigge,mbanbrigge2s@elegantthemes.com,M,non lectus aliquam sit amet diam,4,828
102,Tad,Morrott,tmorrott2t@nature.com,M,eu felis fusce posuere felis,1,752
103,Nettle,Priestner,npriestner2u@imdb.com,F,imperdiet et commodo vulputate justo in,2,914
104,Abagael,Champneys,achampneys2v@upenn.edu,F,viverra eget congue eget semper rutrum nulla,5,667
105,Berkley,Olyfant,bolyfant2w@sakura.ne.jp,M,hac habitasse platea dictumst maecenas,3,730
106,Michaella,Abbate,mabbate2x@cdbaby.com,F,felis eu sapien cursus vestibulum proin,3,915
107,Griffin,Inderwick,ginderwick2y@berkeley.edu,M,congue etiam justo etiam pretium iaculis,5,636
108,Tabor,Ferrone,tferrone2z@reverbnation.com,M,condimentum curabitur in libero ut massa volutpat convallis,5,965
109,Loria,Giddins,lgiddins30@washington.edu,F,,5,945
110,Eva,Fewkes,efewkes31@sina.com.cn,F,sit amet eleifend pede libero quis orci,2,997
111,Kriste,Kenrat,kkenrat32@gnu.org,F,ut suscipit a feugiat et eros vestibulum,3,559
112,Katine,Dollman,kdollman33@mozilla.com,F,nonummy integer non velit donec diam,1,975
113,Nina,Turland,nturland34@unesco.org,F,tristique fusce congue diam id ornare imperdiet sapien,5,546
114,Syman,McLeish,smcleish35@accuweather.com,M,vulputate elementum nullam varius nulla facilisi,4,937
115,Carney,McGilbon,cmcgilbon36@dell.com,M,eros vestibulum ac est lacinia nisi venenatis,2,827
116,Mile,Daton,mdaton37@ning.com,M,quis orci eget orci vehicula condimentum curabitur in libero ut,4,829
117,Mayne,Jellyman,mjellyman38@wisc.edu,M,rutrum nulla nunc purus phasellus,4,833
118,Indira,Paoloni,ipaoloni39@google.cn,F,et commodo vulputate justo in blandit ultrices enim,1,804
119,Lilla,Twyning,ltwyning3a@clickbank.net,F,,4,842
120,Cyrill,Rosenauer,crosenauer3b@yellowpages.com,M,feugiat non pretium quis lectus suspendisse,5,829
121,Dorie,Bachura,dbachura3c@mit.edu,M,nullam sit amet turpis elementum ligula vehicula,5,667
122,Isabella,Girardetti,igirardetti3d@mapy.cz,F,lacinia sapien quis libero nullam sit amet turpis,5,714
123,Matthus,Kuhnel,mkuhnel3e@google.com.hk,M,ac neque duis bibendum morbi non,5,764
124,Brant,Berresford,bberresford3f@barnesandnoble.com,M,non mattis pulvinar nulla pede ullamcorper augue a suscipit nulla,1,888
125,Vinni,Tuminelli,vtuminelli3g@pinterest.com,F,massa tempor convallis nulla neque libero convallis eget eleifend,3,924
126,Sheffie,Brandom,sbrandom3h@google.com.hk,M,eleifend quam a odio in hac habitasse platea,3,847
127,Neal,Dun,ndun3i@nps.gov,M,feugiat et eros vestibulum ac est lacinia nisi,3,531
128,Tobi,Purchase,tpurchase3j@gov.uk,F,fermentum donec ut mauris eget massa tempor convallis nulla,3,528
129,Pip,Blazej,pblazej3k@homestead.com,M,venenatis non sodales sed tincidunt eu felis fusce,3,594
130,Radcliffe,Cheyne,rcheyne3l@imdb.com,M,tincidunt nulla mollis molestie lorem quisque,5,539
131,Conn,Padgett,cpadgett3m@stanford.edu,M,risus semper porta volutpat quam pede lobortis,2,659
132,Audi,Boud,aboud3n@dmoz.org,F,,4,818
133,Lissa,Spurrier,lspurrier3o@europa.eu,F,,1,513
134,Bradney,Heeran,bheeran3p@ihg.com,M,,5,713
135,Elene,Hryskiewicz,ehryskiewicz3q@livejournal.com,F,nam ultrices libero non mattis pulvinar nulla pede,3,612
136,Emmery,Trytsman,etrytsman3r@vinaora.com,M,donec posuere metus vitae ipsum aliquam,5,644
137,Hymie,Mapstone,hmapstone3s@walmart.com,M,sapien dignissim vestibulum vestibulum ante,1,529
138,Maxie,Canet,mcanet3t@discovery.com,M,lacus at velit vivamus vel nulla,3,924
139,Miran,Loadman,mloadman3u@intel.com,F,et tempus semper est quam pharetra magna ac consequat,1,883
140,Teddie,Rappa,trappa3v@webnode.com,M,sagittis sapien cum sociis natoque,4,819
141,Aubree,Dulson,adulson3w@indiegogo.com,F,donec ut dolor morbi vel lectus in quam,3,584
142,Dredi,Ragborne,dragborne3x@psu.edu,F,at lorem integer tincidunt ante vel ipsum praesent blandit lacinia,5,524
143,Justina,Girardengo,jgirardengo3y@sciencedaily.com,F,sed augue aliquam erat volutpat in congue,1,733
144,Bliss,Trime,btrime3z@nifty.com,F,luctus et ultrices posuere cubilia curae,2,557
145,Hillery,Blitzer,hblitzer40@smh.com.au,M,tristique fusce congue diam id ornare imperdiet sapien,1,670
146,Lotti,MacLachlan,lmaclachlan41@altervista.org,F,,1,690
147,Nicolle,Aslin,naslin42@tumblr.com,F,donec ut dolor morbi vel lectus,2,781
148,Antonetta,Linscott,alinscott43@merriam-webster.com,F,,4,689
149,Laina,Strelitz,lstrelitz44@ca.gov,F,est lacinia nisi venenatis tristique,1,680
150,Hagan,Gamblin,hgamblin45@mlb.com,M,ligula nec sem duis aliquam convallis nunc proin at turpis,3,794
151,Cullan,Ralph,cralph46@irs.gov,M,elementum eu interdum eu tincidunt in leo maecenas,5,851
152,Rubia,Knight,rknight47@java.com,F,dui proin leo odio porttitor,2,672
153,Johna,Giuron,jgiuron48@usatoday.com,F,a suscipit nulla elit ac nulla sed vel enim sit,1,869
154,Esmaria,Craddy,ecraddy49@odnoklassniki.ru,F,in est risus auctor sed tristique in tempus,5,829
155,Alvinia,Marchiso,amarchiso4a@nps.gov,F,arcu libero rutrum ac lobortis vel,5,762
156,Rodd,Braune,rbraune4b@vkontakte.ru,M,phasellus in felis donec semper sapien,2,999
157,Kristan,Haynes,khaynes4c@last.fm,F,est et tempus semper est,3,609
158,Robbie,Mutton,rmutton4d@wired.com,M,vitae ipsum aliquam non mauris morbi non,1,681
159,Eada,Ellif,eellif4e@nhs.uk,F,placerat ante nulla justo aliquam quis turpis eget,2,706
160,Lucilia,Maidlow,lmaidlow4f@fc2.com,F,in hac habitasse platea dictumst morbi vestibulum velit id pretium,3,581
161,Andromache,Studman,astudman4g@xinhuanet.com,F,leo pellentesque ultrices mattis odio donec,4,568
162,Laure,Downey,ldowney4h@newsvine.com,F,quam a odio in hac habitasse platea dictumst maecenas,4,815
163,Isabel,Prior,iprior4i@washingtonpost.com,F,sagittis nam congue risus semper porta,4,712
164,Bentlee,Noyce,bnoyce4j@squidoo.com,M,tempus semper est quam pharetra magna ac consequat metus,4,665
165,Regina,Reek,rreek4k@rambler.ru,F,ut tellus nulla ut erat id mauris,4,637
166,Rahal,Molan,rmolan4l@free.fr,F,,3,834
167,Hayward,Cowtherd,hcowtherd4m@ning.com,M,,4,949
168,Lonee,Kiehl,lkiehl4n@rediff.com,F,vestibulum ante ipsum primis in,4,667
169,Danyelle,Chrystal,dchrystal4o@businessweek.com,F,magna vestibulum aliquet ultrices erat tortor sollicitudin mi sit amet,1,695
170,Othello,Sanchiz,osanchiz4p@smh.com.au,M,integer ac leo pellentesque ultrices mattis odio,3,855
171,Brigida,Licciardo,blicciardo4q@canalblog.com,F,in faucibus orci luctus et ultrices posuere,2,675
172,Rufus,Scrimshaw,rscrimshaw4r@infoseek.co.jp,M,amet justo morbi ut odio cras mi,4,834
173,Constantino,Daniaud,cdaniaud4s@tinypic.com,M,mattis odio donec vitae nisi nam,2,986
174,Baldwin,Huxster,bhuxster4t@slashdot.org,M,ornare imperdiet sapien urna pretium nisl ut,5,990
175,Carly,Barrington,cbarrington4u@cdc.gov,M,vivamus metus arcu adipiscing molestie hendrerit at,4,860
176,Cary,Christy,cchristy4v@vk.com,F,laoreet ut rhoncus aliquet pulvinar sed,1,921
177,Kelsi,Denys,kdenys4w@is.gd,F,in congue etiam justo etiam pretium iaculis justo in,1,757
178,Durante,McKeown,dmckeown4x@e-recht24.de,M,amet sapien dignissim vestibulum vestibulum ante ipsum primis,4,669
179,Bendite,Flewitt,bflewitt4y@hao123.com,F,consequat nulla nisl nunc nisl duis,1,989
180,Thibaut,Wellstead,twellstead4z@nationalgeographic.com,M,ipsum aliquam non mauris morbi non lectus aliquam sit,4,599
181,Paloma,Fache,pfache50@fotki.com,F,eros elementum pellentesque quisque porta volutpat,3,521
182,Scot,Sam,ssam51@tiny.cc,M,dolor morbi vel lectus in quam fringilla rhoncus mauris enim,5,878
183,Karie,Cracknell,kcracknell52@so-net.ne.jp,F,interdum in ante vestibulum ante ipsum primis,2,564
184,Vinnie,Sigg,vsigg53@fc2.com,M,magna bibendum imperdiet nullam orci pede,3,875
185,Elfrida,Ugolini,eugolini54@va.gov,F,maecenas tristique est et tempus semper,4,580
186,Ford,Propper,fpropper55@bloglines.com,M,in consequat ut nulla sed accumsan felis ut at,2,987
187,Bank,McKinless,bmckinless56@shareasale.com,M,,2,523
188,Engelbert,Remirez,eremirez57@sbwire.com,M,,5,577
189,Donovan,Bayley,dbayley58@businessinsider.com,M,hac habitasse platea dictumst morbi,5,631
190,Marlene,Druitt,mdruitt59@independent.co.uk,F,sollicitudin mi sit amet lobortis sapien sapien non mi,3,614
191,Jarred,Chene,jchene5a@skyrock.com,M,lorem integer tincidunt ante vel ipsum,4,649
192,Horst,Fitter,hfitter5b@howstuffworks.com,M,eget massa tempor convallis nulla,5,843
193,Elvera,McCoid,emccoid5c@unesco.org,F,neque sapien placerat ante nulla justo aliquam quis,4,976
194,Berrie,Greenway,bgreenway5d@toplist.cz,F,vivamus metus arcu adipiscing molestie hendrerit at,2,611
195,Danita,Druitt,ddruitt5e@people.com.cn,F,,2,848
196,Courtney,Gullivan,cgullivan5f@home.pl,F,dignissim vestibulum vestibulum ante ipsum primis in faucibus orci,3,529
197,Stavros,Coopman,scoopman5g@guardian.co.uk,M,iaculis congue vivamus metus arcu,4,619
198,Gal,Catley,gcatley5h@marketwatch.com,M,et ultrices posuere cubilia curae mauris,2,850
199,Esdras,Ilott,eilott5i@foxnews.com,M,posuere nonummy integer non velit donec diam neque vestibulum,2,987
200,Isacco,Meas,imeas5j@4shared.com,M,primis in faucibus orci luctus,2,688
201,Georgianne,Windram,gwindram5k@cmu.edu,F,rutrum ac lobortis vel dapibus at diam nam tristique tortor,4,634
202,Rossy,Aucock,raucock5l@gravatar.com,M,sem praesent id massa id nisl venenatis lacinia,2,997
203,Caril,Jaime,cjaime5m@google.com.au,F,sociis natoque penatibus et magnis dis parturient montes nascetur ridiculus,5,873
204,Dannie,Lamberton,dlamberton5n@unicef.org,F,eget rutrum at lorem integer tincidunt ante vel ipsum,3,764
205,Gale,Bouda,gbouda5o@naver.com,M,nulla integer pede justo lacinia eget tincidunt eget,2,521
206,Levi,Boundley,lboundley5p@europa.eu,M,sapien in sapien iaculis congue,5,592
207,Barnard,Dripps,bdripps5q@netlog.com,M,interdum eu tincidunt in leo maecenas pulvinar lobortis,1,963
208,Anastasia,Gooley,agooley5r@pen.io,F,vel augue vestibulum rutrum rutrum neque aenean auctor,3,548
209,Shellysheldon,Goodier,sgoodier5s@narod.ru,M,sed tristique in tempus sit amet sem fusce,2,516
210,Richart,Snepp,rsnepp5t@discuz.net,M,ullamcorper purus sit amet nulla,3,572
211,Leshia,Dober,ldober5u@reference.com,F,,1,617
212,Veronica,Edmeades,vedmeades5v@slashdot.org,F,nulla justo aliquam quis turpis,3,820
213,Erin,Crichten,ecrichten5w@unc.edu,M,est phasellus sit amet erat,2,920
214,Kennedy,Scourgie,kscourgie5x@imgur.com,M,,3,712
215,Sidney,Prine,sprine5y@blogs.com,M,lacinia eget tincidunt eget tempus vel pede morbi porttitor,1,537
216,Sibyl,Michelotti,smichelotti5z@ifeng.com,M,lectus aliquam sit amet diam in magna bibendum,3,668
217,Adrienne,Hacun,ahacun60@reuters.com,F,facilisi cras non velit nec,2,693
218,Gayelord,Firpo,gfirpo61@bluehost.com,M,mi pede malesuada in imperdiet et,2,916
219,Candra,Statefield,cstatefield62@icio.us,F,sapien placerat ante nulla justo aliquam quis,5,679
220,Lanni,Beldom,lbeldom63@time.com,F,orci luctus et ultrices posuere cubilia curae nulla dapibus dolor,3,713
221,Shermie,Cookney,scookney64@gizmodo.com,M,turpis sed ante vivamus tortor duis mattis egestas metus aenean,1,856
222,Misha,Grichukhanov,mgrichukhanov65@ning.com,F,eget elit sodales scelerisque mauris sit amet eros suspendisse,5,807
223,Ripley,Bocke,rbocke66@ed.gov,M,ligula nec sem duis aliquam convallis nunc proin at turpis,2,695
224,Galvan,Anniwell,ganniwell67@chicagotribune.com,M,in purus eu magna vulputate luctus cum sociis natoque,4,688
225,Lorilyn,Bakeup,lbakeup68@vkontakte.ru,F,massa id nisl venenatis lacinia,4,847
226,Astrix,Wimpey,awimpey69@twitter.com,F,nisl ut volutpat sapien arcu sed augue aliquam erat volutpat,4,672
227,Joscelin,Feasby,jfeasby6a@ucoz.com,F,adipiscing molestie hendrerit at vulputate vitae,4,804
228,Billy,Van T'Hoog,bvanthoog6b@webeden.co.uk,F,morbi odio odio elementum eu,1,605
229,Stephenie,Geldert,sgeldert6c@gnu.org,F,imperdiet nullam orci pede venenatis non sodales sed tincidunt,1,992
230,Arie,Aronowicz,aaronowicz6d@tripod.com,M,suspendisse potenti in eleifend quam a odio in hac,1,899
231,Sasha,Harbar,sharbar6e@1688.com,M,in sagittis dui vel nisl duis ac nibh fusce,2,874
232,Annabelle,Shervington,ashervington6f@businesswire.com,F,porttitor lorem id ligula suspendisse,3,509
233,Peria,Jimson,pjimson6g@vkontakte.ru,F,donec odio justo sollicitudin ut suscipit,4,537
234,Halli,Stevani,hstevani6h@cdc.gov,F,elementum in hac habitasse platea dictumst morbi,1,569
235,Brande,Bleier,bbleier6i@vk.com,F,platea dictumst aliquam augue quam sollicitudin vitae consectetuer eget rutrum,2,766
236,Marilin,Mengo,mmengo6j@uol.com.br,F,dictumst morbi vestibulum velit id pretium iaculis diam erat,5,586
237,Jacenta,Colborn,jcolborn6k@posterous.com,F,lectus in quam fringilla rhoncus mauris,4,743
238,Karen,Fowles,kfowles6l@cargocollective.com,F,,1,645
239,Innis,Ecclestone,iecclestone6m@usgs.gov,M,nulla integer pede justo lacinia eget,5,609
240,Desiree,Plumptre,dplumptre6n@springer.com,F,vestibulum rutrum rutrum neque aenean auctor gravida sem praesent id,4,850
241,Brnaba,Nizet,bnizet6o@cyberchimps.com,M,luctus et ultrices posuere cubilia curae donec pharetra magna,5,869
242,Chevy,Wilkes,cwilkes6p@reference.com,M,volutpat in congue etiam justo etiam pretium iaculis justo,2,953
243,Melly,Akister,makister6q@topsy.com,F,rhoncus mauris enim leo rhoncus,3,503
244,Van,Fitzer,vfitzer6r@csmonitor.com,F,convallis morbi odio odio elementum eu interdum eu,5,555
245,Barnabas,McGougan,bmcgougan6s@multiply.com,M,a feugiat et eros vestibulum,3,762
246,Lewes,Fierman,lfierman6t@discovery.com,M,,1,840
247,Judah,Greatham,jgreatham6u@disqus.com,M,morbi vel lectus in quam fringilla rhoncus mauris,3,968
248,Rozamond,Proppers,rproppers6v@vistaprint.com,F,massa tempor convallis nulla neque libero convallis eget eleifend,2,715
249,Ulrike,Eliyahu,ueliyahu6w@fotki.com,F,et magnis dis parturient montes nascetur ridiculus,4,919
250,Alis,Guilleton,aguilleton6x@nifty.com,F,vivamus vel nulla eget eros elementum pellentesque,5,600
251,Corette,Duplain,cduplain6y@last.fm,F,nullam sit amet turpis elementum ligula vehicula consequat,4,968
252,Amye,Poyser,apoyser6z@google.co.jp,F,cubilia curae donec pharetra magna vestibulum aliquet ultrices erat tortor,4,574
253,Katha,Stanger,kstanger70@imageshack.us,F,consequat nulla nisl nunc nisl duis bibendum,5,653
254,Corinna,Antwis,cantwis71@jalbum.net,F,et magnis dis parturient montes,3,615
255,Aida,Holleworth,aholleworth72@netlog.com,F,pulvinar nulla pede ullamcorper augue a suscipit nulla,2,799
256,Dawna,Van der Daal,dvanderdaal73@wikia.com,F,sit amet consectetuer adipiscing elit proin interdum mauris non ligula,2,536
257,Steffie,Jaskowicz,sjaskowicz74@ft.com,F,,2,777
258,Jerad,Goulter,jgoulter75@xing.com,M,id justo sit amet sapien dignissim vestibulum vestibulum ante,3,997
259,Finn,Purrington,fpurrington76@digg.com,M,ac nulla sed vel enim sit amet nunc,2,915
260,Udall,Booty,ubooty77@netvibes.com,M,vestibulum velit id pretium iaculis diam erat fermentum justo,1,595
261,Alaric,Hullyer,ahullyer78@bing.com,M,morbi a ipsum integer a nibh in quis justo maecenas,4,883
262,Northrup,Lillecrap,nlillecrap79@csmonitor.com,M,curae duis faucibus accumsan odio curabitur convallis duis consequat,4,968
263,Adelina,Print,aprint7a@csmonitor.com,F,id justo sit amet sapien dignissim vestibulum vestibulum ante ipsum,3,881
264,Conni,Deakin,cdeakin7b@quantcast.com,F,primis in faucibus orci luctus et ultrices,3,858
265,Benyamin,Reasun,breasun7c@census.gov,M,nec sem duis aliquam convallis,1,993
266,Edik,Cogin,ecogin7d@yale.edu,M,duis aliquam convallis nunc proin at turpis a pede,3,909
267,Jolene,Allgood,jallgood7e@pcworld.com,F,sollicitudin mi sit amet lobortis sapien,4,645
268,Gray,Witcherley,gwitcherley7f@dion.ne.jp,M,varius integer ac leo pellentesque ultrices,1,686
269,Sonya,Kinny,skinny7g@craigslist.org,F,nisl aenean lectus pellentesque eget nunc donec,3,740
270,Aprilette,Kumar,akumar7h@amazon.de,F,sed interdum venenatis turpis enim,5,721
271,Ingrim,Warriner,iwarriner7i@mtv.com,M,sociis natoque penatibus et magnis dis parturient montes,3,796
272,Josee,Flowerdew,jflowerdew7j@nymag.com,F,ut volutpat sapien arcu sed augue,1,614
273,Darb,Rampley,drampley7k@adobe.com,M,ut erat curabitur gravida nisi at nibh in hac,3,660
274,Deloris,Huggin,dhuggin7l@freewebs.com,F,arcu sed augue aliquam erat,3,679
275,Francklyn,MacAne,fmacane7m@sina.com.cn,M,dui luctus rutrum nulla tellus in sagittis,5,815
276,Brok,Shallow,bshallow7n@usgs.gov,M,mi pede malesuada in imperdiet et commodo,2,754
277,Alexina,Sergent,asergent7o@cbslocal.com,F,tortor id nulla ultrices aliquet maecenas leo odio condimentum,4,711
278,Carmela,Shovlin,cshovlin7p@newyorker.com,F,nulla sed accumsan felis ut,3,834
279,Berkley,Rogerot,brogerot7q@mapy.cz,M,lorem quisque ut erat curabitur,1,961
280,Kym,MacKeeg,kmackeeg7r@harvard.edu,F,molestie sed justo pellentesque viverra pede,1,514
281,Roosevelt,Serjent,rserjent7s@uol.com.br,M,ultrices posuere cubilia curae mauris,1,567
282,Morgen,Roney,mroney7t@sogou.com,M,nulla justo aliquam quis turpis,2,877
283,Delly,Dupree,ddupree7u@netlog.com,F,turpis adipiscing lorem vitae mattis,2,950
284,Shana,Potteril,spotteril7v@comcast.net,F,odio consequat varius integer ac leo pellentesque,1,695
285,Lars,Ilchenko,lilchenko7w@amazon.co.jp,M,non mi integer ac neque duis bibendum morbi non,4,912
286,Darsie,Chatteris,dchatteris7x@hexun.com,F,augue vestibulum rutrum rutrum neque aenean auctor gravida sem,5,672
287,Lorne,Prujean,lprujean7y@oaic.gov.au,M,semper porta volutpat quam pede lobortis ligula sit amet,5,980
288,Darill,Heeley,dheeley7z@g.co,M,mattis egestas metus aenean fermentum,1,653
289,Herve,Braunthal,hbraunthal80@tinyurl.com,M,,5,845
290,Clemence,Lukash,clukash81@last.fm,F,ac nibh fusce lacus purus aliquet at feugiat non pretium,1,783
291,Romy,Blasio,rblasio82@networksolutions.com,F,quis justo maecenas rhoncus aliquam lacus morbi quis,1,997
292,Bartram,Franzetti,bfranzetti83@stumbleupon.com,M,sed vel enim sit amet,2,582
293,Mathias,Haythorn,mhaythorn84@bigcartel.com,M,fusce consequat nulla nisl nunc nisl duis bibendum,1,645
294,Donnie,Menure,dmenure85@ted.com,F,,3,822
295,Selma,Hartlebury,shartlebury86@yandex.ru,F,nisi venenatis tristique fusce congue diam id ornare imperdiet,5,794
296,Currey,Skough,cskough87@sciencedaily.com,M,mauris lacinia sapien quis libero nullam sit amet turpis,2,942
297,Sheena,Beck,sbeck88@bluehost.com,F,lorem ipsum dolor sit amet consectetuer adipiscing,2,577
298,Oliviero,McLise,omclise89@ox.ac.uk,M,mauris laoreet ut rhoncus aliquet pulvinar sed nisl nunc,4,986
299,Tedi,Ireland,tireland8a@live.com,F,leo odio condimentum id luctus nec molestie sed,1,778
300,Urbain,Lembcke,ulembcke8b@state.gov,M,leo odio porttitor id consequat in consequat ut,5,764
301,Mimi,Endacott,mendacott8c@ocn.ne.jp,F,vitae ipsum aliquam non mauris morbi,4,950
302,Kelly,Berzen,kberzen8d@hubpages.com,F,pretium quis lectus suspendisse potenti in eleifend,5,727
303,Kerby,McTerry,kmcterry8e@redcross.org,M,pede justo lacinia eget tincidunt,2,887
304,Davie,Tubbles,dtubbles8f@devhub.com,M,hac habitasse platea dictumst aliquam augue quam sollicitudin vitae,2,625
305,Herman,Duddell,hduddell8g@hud.gov,M,platea dictumst maecenas ut massa quis augue,4,856
306,Casie,Frew,cfrew8h@histats.com,F,phasellus id sapien in sapien iaculis congue,3,859
307,Pearle,Brahmer,pbrahmer8i@telegraph.co.uk,F,,2,514
308,Alessandra,Cromly,acromly8j@go.com,F,semper est quam pharetra magna ac,3,751
309,Tyrone,Suero,tsuero8k@rambler.ru,M,nec nisi volutpat eleifend donec ut dolor morbi vel,5,680
310,Wendye,Ameer-Beg,wameerbeg8l@feedburner.com,F,,1,879
311,Son,Lakey,slakey8m@about.com,M,urna ut tellus nulla ut erat,1,625
312,Janek,Di Francecshi,jdifrancecshi8n@dion.ne.jp,M,interdum in ante vestibulum ante ipsum primis in faucibus,5,597
313,Roz,Busen,rbusen8o@zdnet.com,F,diam vitae quam suspendisse potenti nullam porttitor lacus at,2,510
314,Shirleen,Fawlkes,sfawlkes8p@github.io,F,,1,705
315,Dael,Orrock,dorrock8q@arstechnica.com,M,diam cras pellentesque volutpat dui maecenas tristique est,3,656
316,Lindy,Dametti,ldametti8r@so-net.ne.jp,F,odio justo sollicitudin ut suscipit a feugiat,1,784
317,Jonas,Mottershaw,jmottershaw8s@weather.com,M,etiam faucibus cursus urna ut,4,520
318,Gil,Miell,gmiell8t@wufoo.com,M,imperdiet sapien urna pretium nisl,1,873
319,Cody,McRill,cmcrill8u@technorati.com,M,vestibulum proin eu mi nulla ac,4,737
320,Bea,Mitchelhill,bmitchelhill8v@pcworld.com,F,neque sapien placerat ante nulla justo aliquam,1,977
321,Ellynn,Shemelt,eshemelt8w@shutterfly.com,F,,5,680
322,Chiquita,Birt,cbirt8x@salon.com,F,sagittis dui vel nisl duis ac,2,796
323,Ludovico,Calender,lcalender8y@pen.io,M,nam dui proin leo odio,4,850
324,Jelene,Lacroux,jlacroux8z@google.ru,F,etiam pretium iaculis justo in hac habitasse,4,502
325,Octavia,Churchlow,ochurchlow90@bandcamp.com,F,felis eu sapien cursus vestibulum proin eu mi nulla,1,872
326,Cele,Noad,cnoad91@businessinsider.com,F,libero ut massa volutpat convallis,1,847
327,Andrey,Cotgrove,acotgrove92@moonfruit.com,M,,2,814
328,Dixie,Kelbie,dkelbie93@blog.com,F,arcu adipiscing molestie hendrerit at vulputate vitae nisl aenean,5,687
329,Field,Camamill,fcamamill94@spiegel.de,M,,1,686
330,Ewen,Emslie,eemslie95@nps.gov,M,venenatis tristique fusce congue diam id ornare imperdiet sapien urna,4,675
331,Derby,Skally,dskally96@house.gov,M,nulla integer pede justo lacinia eget tincidunt,2,977
332,Ginnie,Shemmin,gshemmin97@google.co.uk,F,mattis pulvinar nulla pede ullamcorper augue a suscipit nulla,1,667
333,Virginie,Szanto,vszanto98@dedecms.com,F,at feugiat non pretium quis lectus suspendisse,5,851
334,Artur,Wessel,awessel99@icio.us,M,libero nam dui proin leo odio,2,666
335,Enos,Swinnard,eswinnard9a@blogger.com,M,ut odio cras mi pede malesuada in imperdiet et commodo,3,723
336,Elihu,Imlaw,eimlaw9b@webs.com,M,vel lectus in quam fringilla rhoncus mauris enim leo rhoncus,2,699
337,Laural,Ahmad,lahmad9c@paginegialle.it,F,sem praesent id massa id nisl,1,880
338,Gerrard,Alten,galten9d@theatlantic.com,M,libero nam dui proin leo odio,4,952
339,Tab,Mancer,tmancer9e@nyu.edu,M,non mattis pulvinar nulla pede ullamcorper,4,975
340,Camilla,Joselin,cjoselin9f@constantcontact.com,F,morbi vestibulum velit id pretium iaculis diam erat,2,743
341,Kenton,Cuseick,kcuseick9g@digg.com,M,semper rutrum nulla nunc purus phasellus in felis,1,683
342,Anabal,Speare,aspeare9h@paypal.com,F,a feugiat et eros vestibulum ac est lacinia,5,694
343,Romonda,Sheed,rsheed9i@abc.net.au,F,lacus purus aliquet at feugiat non pretium quis,1,904
344,Aguie,Sturch,asturch9j@cloudflare.com,M,curabitur in libero ut massa,2,939
345,Wilfrid,McCarroll,wmccarroll9k@rediff.com,M,orci vehicula condimentum curabitur in,4,798
346,Vivyanne,Itchingham,vitchingham9l@cafepress.com,F,platea dictumst aliquam augue quam,4,568
347,Bobinette,Westhofer,bwesthofer9m@ezinearticles.com,F,eu est congue elementum in hac habitasse platea,2,789
348,Madelene,Greathead,mgreathead9n@craigslist.org,F,lobortis est phasellus sit amet erat nulla tempus vivamus,5,801
349,Sig,Greim,sgreim9o@dagondesign.com,M,pulvinar lobortis est phasellus sit amet erat nulla tempus,5,587
350,Ruby,Giral,rgiral9p@netscape.com,M,curae mauris viverra diam vitae quam,3,723
351,Johnny,Attoc,jattoc9q@google.pl,M,nullam sit amet turpis elementum ligula,1,522
352,Lexi,Skirrow,lskirrow9r@sitemeter.com,F,eget massa tempor convallis nulla,5,675
353,Petra,Han,phan9s@webnode.com,F,fringilla rhoncus mauris enim leo rhoncus sed vestibulum sit,3,981
354,Albrecht,Cabrales,acabrales9t@issuu.com,M,ut massa quis augue luctus tincidunt nulla mollis molestie,5,996
355,Matty,Leavey,mleavey9u@webnode.com,F,,2,911
356,Kareem,Antrack,kantrack9v@list-manage.com,M,pretium nisl ut volutpat sapien arcu sed augue,5,790
357,Ambrosius,Frotton,afrotton9w@exblog.jp,M,eleifend quam a odio in hac habitasse platea dictumst,3,904
358,Jamey,Wyd,jwyd9x@ftc.gov,M,phasellus sit amet erat nulla tempus vivamus in felis,5,506
359,Marshall,Wiszniewski,mwiszniewski9y@ezinearticles.com,M,,4,692
360,Aron,Tunnicliffe,atunnicliffe9z@feedburner.com,M,porta volutpat erat quisque erat eros viverra,3,653
361,Arlette,Gatherer,agatherera0@linkedin.com,F,eget semper rutrum nulla nunc purus phasellus in felis,5,712
362,Dory,Aveline,davelinea1@last.fm,M,ac est lacinia nisi venenatis tristique fusce,5,630
363,Marlowe,Chaffyn,mchaffyna2@smugmug.com,M,,4,520
364,Christian,Sparling,csparlinga3@webmd.com,F,sit amet sem fusce consequat nulla nisl nunc nisl,1,705
365,Ellerey,Caves,ecavesa4@merriam-webster.com,M,mi integer ac neque duis bibendum morbi non,1,1000
366,Marybelle,Hurdedge,mhurdedgea5@ovh.net,F,interdum venenatis turpis enim blandit mi,2,557
367,Bernetta,Holley,bholleya6@imageshack.us,F,imperdiet et commodo vulputate justo in blandit ultrices enim,4,760
368,Merna,Keningley,mkeningleya7@icq.com,F,nulla sed vel enim sit amet nunc viverra dapibus,5,885
369,Thom,Rutland,trutlanda8@dion.ne.jp,M,vitae nisi nam ultrices libero non mattis pulvinar nulla pede,1,699
370,Berny,Honnan,bhonnana9@xinhuanet.com,F,malesuada in imperdiet et commodo vulputate,1,596
371,Mohandas,Drysdell,mdrysdellaa@slashdot.org,M,et magnis dis parturient montes,3,882
372,Artie,Dawtrey,adawtreyab@cdc.gov,M,in magna bibendum imperdiet nullam orci pede,2,766
373,Delila,Orrice,dorriceac@ftc.gov,F,molestie lorem quisque ut erat curabitur,5,765
374,Reta,Merring,rmerringad@japanpost.jp,F,at turpis a pede posuere nonummy integer non,1,527
375,Bryan,Innott,binnottae@princeton.edu,M,aliquam erat volutpat in congue etiam justo etiam pretium,1,681
376,Kamilah,Vasyuchov,kvasyuchovaf@jugem.jp,F,lectus pellentesque at nulla suspendisse potenti cras in purus,3,822
377,Gherardo,Ram,gramag@sphinn.com,M,mauris morbi non lectus aliquam sit amet,4,957
378,Kile,Doncaster,kdoncasterah@ezinearticles.com,M,at nunc commodo placerat praesent blandit nam nulla integer pede,2,653
379,Teddy,Stutard,tstutardai@naver.com,F,vitae mattis nibh ligula nec sem duis aliquam,4,759
380,Vergil,Gandy,vgandyaj@homestead.com,M,in quam fringilla rhoncus mauris enim leo rhoncus,3,627
381,Falkner,Scholtis,fscholtisak@weather.com,M,a feugiat et eros vestibulum ac,4,873
382,Dex,Confort,dconfortal@google.cn,M,,1,567
383,Cristionna,Thomas,cthomasam@gov.uk,F,ridiculus mus vivamus vestibulum sagittis sapien cum sociis natoque penatibus,1,890
384,Kalvin,Syfax,ksyfaxan@google.co.jp,M,non mi integer ac neque,5,800
385,Kaspar,Eckery,keckeryao@examiner.com,M,posuere cubilia curae nulla dapibus dolor vel,2,634
386,Cori,Lippitt,clippittap@disqus.com,F,at ipsum ac tellus semper,4,505
387,Merwyn,Orrick,morrickaq@europa.eu,M,augue luctus tincidunt nulla mollis,5,825
388,Nahum,Clewett,nclewettar@wordpress.org,M,nisl duis bibendum felis sed interdum venenatis,4,730
389,Ody,Westlake,owestlakeas@hubpages.com,M,in hac habitasse platea dictumst maecenas ut massa quis augue,5,862
390,Gavin,Mizzi,gmizziat@bloglovin.com,M,vestibulum velit id pretium iaculis diam erat fermentum justo,2,565
391,Dionne,Bellows,dbellowsau@amazon.co.jp,F,eu sapien cursus vestibulum proin eu mi,4,776
392,Laurice,Mc Coughan,lmccoughanav@hatena.ne.jp,F,mollis molestie lorem quisque ut erat curabitur gravida nisi,2,691
393,Marney,MacConchie,mmacconchieaw@w3.org,F,,5,594
394,Roby,Strelitzer,rstrelitzerax@bandcamp.com,F,tristique est et tempus semper,4,927
395,Clark,Aldie,caldieay@elpais.com,M,pharetra magna vestibulum aliquet ultrices erat tortor sollicitudin mi,5,651
396,Emily,Wethers,ewethersaz@t.co,F,turpis donec posuere metus vitae ipsum aliquam,4,815
397,Jeremy,McAtamney,jmcatamneyb0@wunderground.com,M,orci luctus et ultrices posuere cubilia curae,5,813
398,Pincus,Winspire,pwinspireb1@exblog.jp,M,odio curabitur convallis duis consequat dui nec nisi,5,502
399,Lucien,Black,lblackb2@tumblr.com,M,,5,547
400,Drusie,Harvie,dharvieb3@lulu.com,F,quam suspendisse potenti nullam porttitor,2,816
401,Frederic,Alban,falbanb4@chron.com,M,at ipsum ac tellus semper interdum,1,590
402,Nettie,Alyoshin,nalyoshinb5@columbia.edu,F,quis libero nullam sit amet turpis elementum ligula,1,909
403,Miquela,Blesli,mbleslib6@vinaora.com,F,nascetur ridiculus mus etiam vel augue vestibulum rutrum rutrum neque,3,889
404,Dynah,Clynter,dclynterb7@hibu.com,F,elementum pellentesque quisque porta volutpat erat quisque,4,880
405,Ryley,Agge,raggeb8@wsj.com,M,duis ac nibh fusce lacus purus aliquet at,1,928
406,Brandice,Dean,bdeanb9@weather.com,F,vitae ipsum aliquam non mauris morbi non lectus,5,735
407,Car,Harlow,charlowba@geocities.jp,M,in magna bibendum imperdiet nullam orci pede,3,570
408,Zacharia,Simonnet,zsimonnetbb@timesonline.co.uk,M,ut blandit non interdum in ante,3,864
409,Fergus,Attwool,fattwoolbc@opensource.org,M,porta volutpat erat quisque erat eros,3,945
410,Doti,Vasser,dvasserbd@amazon.de,F,sit amet erat nulla tempus,4,712
411,Shea,Kennewell,skennewellbe@dropbox.com,M,aliquet massa id lobortis convallis tortor risus dapibus augue vel,2,883
412,Vernon,Mallows,vmallowsbf@cam.ac.uk,M,tortor risus dapibus augue vel accumsan tellus nisi eu,3,629
413,Josy,Peasnone,jpeasnonebg@jiathis.com,F,primis in faucibus orci luctus et,5,941
414,Emmey,Keeler,ekeelerbh@statcounter.com,F,accumsan tellus nisi eu orci mauris lacinia sapien,1,992
415,Iver,Pheazey,ipheazeybi@dell.com,M,nisi nam ultrices libero non mattis pulvinar nulla pede,1,634
416,Portie,Abbati,pabbatibj@quantcast.com,M,vulputate nonummy maecenas tincidunt lacus at velit vivamus,1,793
417,Cindy,Grabb,cgrabbbk@dailymail.co.uk,F,consequat dui nec nisi volutpat eleifend donec ut dolor,1,991
418,Maggee,Benbough,mbenboughbl@simplemachines.org,F,donec diam neque vestibulum eget vulputate,4,812
419,Mureil,Shapiro,mshapirobm@pbs.org,F,sagittis dui vel nisl duis ac nibh fusce lacus,5,942
420,Charissa,Jales,cjalesbn@a8.net,F,aliquet pulvinar sed nisl nunc,4,696
421,Hannis,Scowcroft,hscowcroftbo@godaddy.com,F,velit nec nisi vulputate nonummy maecenas tincidunt lacus,4,782
422,Prudence,Saggers,psaggersbp@oakley.com,F,lacus morbi sem mauris laoreet ut,2,855
423,Augustin,Grosvener,agrosvenerbq@imgur.com,M,nibh in quis justo maecenas rhoncus aliquam,5,866
424,Garek,Briston,gbristonbr@tamu.edu,M,vivamus tortor duis mattis egestas metus,3,554
425,Suzi,Zannuto,szannutobs@auda.org.au,F,posuere cubilia curae nulla dapibus dolor,5,993
426,Eduard,Fontelles,efontellesbt@cam.ac.uk,M,pede ac diam cras pellentesque volutpat dui,3,756
427,Rafaela,Torrie,rtorriebu@csmonitor.com,F,sed nisl nunc rhoncus dui,3,841
428,Gill,Gotthard.sf,ggotthardsfbv@ibm.com,M,nulla pede ullamcorper augue a suscipit,4,644
429,Ephraim,Rayment,eraymentbw@rambler.ru,M,porttitor lacus at turpis donec posuere metus vitae,2,994
430,Genovera,Sahlstrom,gsahlstrombx@deviantart.com,F,a ipsum integer a nibh in quis,4,762
431,Nadeen,Glendinning,nglendinningby@home.pl,F,,1,745
432,Bald,Highway,bhighwaybz@barnesandnoble.com,M,tellus semper interdum mauris ullamcorper purus sit amet nulla,3,586
433,Arlen,Ottey,aotteyc0@berkeley.edu,F,id ornare imperdiet sapien urna pretium nisl ut volutpat,2,928
434,Angelita,Llewellen,allewellenc1@auda.org.au,F,,1,960
435,Jone,Brand,jbrandc2@bigcartel.com,M,orci eget orci vehicula condimentum curabitur in libero,1,692
436,Juli,Stoggell,jstoggellc3@chicagotribune.com,F,lobortis vel dapibus at diam nam tristique tortor,4,804
437,Oberon,Perrycost,operrycostc4@jugem.jp,M,cras mi pede malesuada in,2,601
438,Heloise,Monkley,hmonkleyc5@github.com,F,urna ut tellus nulla ut erat id mauris,2,853
439,Stesha,Ungerer,sungererc6@jiathis.com,F,quisque arcu libero rutrum ac lobortis vel,1,967
440,Candy,Naldrett,cnaldrettc7@reuters.com,F,diam erat fermentum justo nec,1,909
441,Odette,Dally,odallyc8@wikia.com,F,ut erat curabitur gravida nisi at nibh in hac habitasse,3,976
442,Burgess,Burker,bburkerc9@about.com,M,vestibulum ante ipsum primis in faucibus orci luctus,1,716
443,Jarad,Tingly,jtinglyca@pbs.org,M,semper rutrum nulla nunc purus,5,742
444,Melamie,McCrann,mmccranncb@nationalgeographic.com,F,orci vehicula condimentum curabitur in libero ut massa,2,991
445,Zachery,Willicott,zwillicottcc@twitpic.com,M,donec odio justo sollicitudin ut suscipit a feugiat,3,501
446,Amos,Baggally,abaggallycd@reuters.com,M,elit sodales scelerisque mauris sit amet eros suspendisse accumsan,3,814
447,Rory,Aveling,ravelingce@alibaba.com,F,elit sodales scelerisque mauris sit amet eros,2,606
448,Jammal,Gowrich,jgowrichcf@scribd.com,M,luctus et ultrices posuere cubilia,1,736
449,Frederico,Izak,fizakcg@skyrock.com,M,massa volutpat convallis morbi odio odio elementum eu interdum,4,687
450,Annabal,Wisby,awisbych@over-blog.com,F,ipsum integer a nibh in quis justo,5,848
451,Cicely,Gylle,cgylleci@xrea.com,F,eget tempus vel pede morbi porttitor lorem id,1,622
452,Lillian,Soame,lsoamecj@tinypic.com,F,amet erat nulla tempus vivamus in,1,794
453,Seth,Mix,smixck@parallels.com,M,sem sed sagittis nam congue risus semper porta volutpat,4,701
454,Teddie,Roft,troftcl@oaic.gov.au,F,ipsum integer a nibh in quis justo maecenas rhoncus aliquam,5,535
455,Federica,Cuer,fcuercm@virginia.edu,F,nisi volutpat eleifend donec ut dolor morbi,1,641
456,Debora,Delmonti,ddelmonticn@cbc.ca,F,augue quam sollicitudin vitae consectetuer,4,808
457,Georgeanna,Chasemore,gchasemoreco@youtube.com,F,sociis natoque penatibus et magnis dis parturient montes nascetur,5,657
458,Farleigh,Dilawey,fdilaweycp@uiuc.edu,M,,3,643
459,Dwayne,Briscow,dbriscowcq@harvard.edu,M,congue diam id ornare imperdiet sapien urna pretium nisl,5,836
460,Rosaline,Peebles,rpeeblescr@yale.edu,F,libero nullam sit amet turpis elementum ligula vehicula consequat,1,844
461,Allyn,Parkyn,aparkyncs@tripod.com,F,proin risus praesent lectus vestibulum quam sapien,4,750
462,Noak,Newberry,nnewberryct@google.fr,M,elit sodales scelerisque mauris sit amet eros suspendisse accumsan,5,588
463,Jervis,Schmuhl,jschmuhlcu@hibu.com,M,semper interdum mauris ullamcorper purus sit amet,5,670
464,Beck,Prettyman,bprettymancv@ihg.com,M,ante ipsum primis in faucibus orci,2,666
465,Marlo,Broseke,mbrosekecw@tuttocitta.it,F,mattis pulvinar nulla pede ullamcorper augue a suscipit nulla,3,582
466,Bryna,Wortley,bwortleycx@weibo.com,F,diam nam tristique tortor eu pede,1,856
467,Philippe,Eymer,peymercy@netvibes.com,F,sit amet sapien dignissim vestibulum vestibulum ante,1,615
468,Claretta,Gorioli,cgoriolicz@opera.com,F,at vulputate vitae nisl aenean lectus pellentesque eget,2,657
469,Sibilla,Fridd,sfriddd0@rediff.com,F,eu felis fusce posuere felis sed lacus,4,530
470,Terrell,Coling,tcolingd1@merriam-webster.com,M,massa tempor convallis nulla neque libero convallis eget eleifend,4,737
471,Giavani,Byng,gbyngd2@gizmodo.com,M,nec sem duis aliquam convallis nunc proin at turpis,5,647
472,Rutherford,Gionettitti,rgionettittid3@tiny.cc,M,quis turpis eget elit sodales scelerisque mauris sit,2,649
473,Cobb,Weiss,cweissd4@wunderground.com,M,morbi ut odio cras mi pede malesuada in imperdiet,5,930
474,Andriana,Rushby,arushbyd5@desdev.cn,F,in lectus pellentesque at nulla suspendisse,2,848
475,Lolly,Gallaher,lgallaherd6@typepad.com,F,consectetuer eget rutrum at lorem integer tincidunt,4,742
476,Mason,Rohlf,mrohlfd7@bandcamp.com,M,pellentesque quisque porta volutpat erat quisque erat eros,4,860
477,Benyamin,Sheeres,bsheeresd8@github.com,M,lobortis est phasellus sit amet erat nulla tempus vivamus in,3,868
478,Mariana,Harborow,mharborowd9@hud.gov,F,nulla pede ullamcorper augue a,2,524
479,Ethelda,Abbyss,eabbyssda@ted.com,F,cras non velit nec nisi vulputate nonummy maecenas tincidunt,5,645
480,Norbert,Fredson,nfredsondb@tamu.edu,M,felis sed lacus morbi sem mauris,1,638
481,Erroll,Lockless,elocklessdc@cmu.edu,M,sollicitudin mi sit amet lobortis,3,993
482,Keeley,Feye,kfeyedd@facebook.com,F,cras pellentesque volutpat dui maecenas tristique est et tempus,1,814
483,Melba,MacDonogh,mmacdonoghde@noaa.gov,F,tellus nulla ut erat id mauris vulputate elementum,5,878
484,Rouvin,Chong,rchongdf@xrea.com,M,odio curabitur convallis duis consequat,1,920
485,Andrei,Lowerson,alowersondg@toplist.cz,F,morbi non quam nec dui luctus rutrum nulla tellus,2,746
486,Evonne,Kroon,ekroondh@instagram.com,F,quis tortor id nulla ultrices aliquet maecenas,5,865
487,Billi,Perdue,bperduedi@biblegateway.com,F,ut erat curabitur gravida nisi at nibh,3,783
488,Portie,Pharrow,ppharrowdj@auda.org.au,M,ridiculus mus vivamus vestibulum sagittis sapien cum sociis,1,508
489,Jean,Beer,jbeerdk@tuttocitta.it,M,dictumst morbi vestibulum velit id pretium iaculis diam erat,5,577
490,Egor,Denerley,edenerleydl@chron.com,M,iaculis justo in hac habitasse platea dictumst etiam faucibus cursus,2,688
491,Kasper,Vela,kveladm@google.pl,M,,3,715
492,Anallise,Kincla,akincladn@imageshack.us,F,integer ac leo pellentesque ultrices mattis odio donec,2,645
493,Raul,Weddup,rweddupdo@tumblr.com,M,ac nulla sed vel enim,1,689
494,Archy,Pifford,apifforddp@washingtonpost.com,M,,3,888
495,Terrijo,Mapson,tmapsondq@smugmug.com,F,tincidunt eu felis fusce posuere felis sed,3,693
496,Germain,Patrone,gpatronedr@patch.com,M,nunc proin at turpis a pede posuere nonummy,2,683
497,Court,De L'Isle,cdelisleds@chron.com,M,erat fermentum justo nec condimentum neque sapien placerat,5,604
498,Basil,Applin,bapplindt@un.org,M,nascetur ridiculus mus vivamus vestibulum sagittis sapien cum,3,644
499,Wynne,Greschke,wgreschkedu@soundcloud.com,F,sed augue aliquam erat volutpat in congue etiam justo etiam,1,990
500,Dickie,Audritt,daudrittdv@studiopress.com,M,nulla ac enim in tempor turpis nec,3,713
