user_id,first_name,last_name,email,gender,biography,title,cerdentials,departament_id
501,Lesley,Mulvenna,lmulvennadw@naver.com,F,aliquam lacus morbi quis tortor id nulla ultrices,velit,justo lacinia eget,2
502,Hally,Maltster,hmaltsterdx@cisco.com,F,,accumsan felis,consequat,5
503,Bella,Sweetlove,bsweetlovedy@nydailynews.com,F,,sed tincidunt,gravida,2
504,Graham,Burgott,gburgottdz@qq.com,M,curae nulla dapibus dolor vel est donec odio justo,donec,curabitur in,4
505,Anselm,Lanfear,alanfeare0@google.ru,M,molestie hendrerit at vulputate vitae nisl aenean lectus pellentesque,vulputate,primis,4
506,Ronda,Van Giffen,rvangiffene1@earthlink.net,F,etiam faucibus cursus urna ut tellus nulla ut,consequat,mi,1
507,Clarence,Snoxell,csnoxelle2@netscape.com,M,quam sollicitudin vitae consectetuer eget rutrum,porttitor id,morbi porttitor lorem,1
508,Pippy,Reijmers,preijmerse3@abc.net.au,F,mauris enim leo rhoncus sed vestibulum sit amet,nec,tortor,5
509,Bernardine,Ceyssen,bceyssene4@blog.com,F,sed sagittis nam congue risus semper porta volutpat quam,a,massa,4
510,Lynna,Chillingsworth,lchillingsworthe5@dmoz.org,F,dapibus duis at velit eu est congue elementum,et commodo,posuere,5
511,Jeanie,Bonett,jbonette6@paginegialle.it,F,convallis nulla neque libero convallis eget eleifend,id,quis justo,5
512,Theodor,Hubbis,thubbise7@admin.ch,M,,curae,platea dictumst,5
513,Ryon,Suart,rsuarte8@toplist.cz,M,interdum mauris ullamcorper purus sit amet nulla quisque,aliquet,sit amet,3
514,Tabatha,Zelley,tzelleye9@51.la,F,elit sodales scelerisque mauris sit amet eros suspendisse accumsan tortor,quis odio,ut rhoncus aliquet,3
515,Elfreda,Chant,echantea@cocolog-nifty.com,F,in congue etiam justo etiam pretium iaculis justo in,volutpat,suspendisse ornare consequat,4
516,Tim,Iacapucci,tiacapuccieb@ameblo.jp,M,cursus id turpis integer aliquet massa id lobortis convallis tortor,sit amet,semper,1
517,Bart,Patience,bpatienceec@yandex.ru,M,felis ut at dolor quis odio,vestibulum ante,mus,2
518,Orin,Antyukhin,oantyukhined@lulu.com,M,duis bibendum felis sed interdum venenatis turpis enim blandit mi,mauris vulputate,metus aenean fermentum,5
519,Clementine,Cubitt,ccubittee@google.nl,F,egestas metus aenean fermentum donec ut mauris eget massa,placerat,in sagittis dui,3
520,Ambrosius,Simionescu,asimionescuef@webeden.co.uk,M,nisi eu orci mauris lacinia sapien,orci vehicula,diam cras,4
521,Rozalie,Gherardesci,rgherardescieg@answers.com,F,sit amet diam in magna bibendum imperdiet nullam,imperdiet sapien,orci eget,2
522,Hamnet,Doohan,hdoohaneh@ebay.com,M,in tempus sit amet sem fusce,viverra,in hac habitasse,1
523,Russ,Frowde,rfrowdeei@domainmarket.com,M,felis sed interdum venenatis turpis,sapien varius,felis ut at,2
524,Regen,Hammett,rhammettej@canalblog.com,M,justo morbi ut odio cras mi pede,nulla sed,non sodales,1
525,Billy,Waterman,bwatermanek@macromedia.com,F,risus praesent lectus vestibulum quam,hac habitasse,sed accumsan,1
526,Willa,Redwing,wredwingel@archive.org,F,,odio curabitur,mi,1
527,Christyna,Weyland,cweylandem@godaddy.com,F,mattis egestas metus aenean fermentum donec,amet,bibendum,3
528,Germaine,Chessun,gchessunen@networksolutions.com,F,quis turpis eget elit sodales scelerisque,tempus,sapien placerat ante,5
529,Nataniel,Lantiff,nlantiffeo@sphinn.com,M,nulla facilisi cras non velit,quam pharetra,natoque penatibus,4
530,Lonna,Moyne,lmoyneep@mayoclinic.com,F,sit amet sem fusce consequat nulla nisl nunc,eget semper,tristique fusce,5
531,Galvin,Kettley,gkettleyeq@skype.com,M,risus auctor sed tristique in,ultricies eu,lacus,3
532,Devin,Royle,droyleer@feedburner.com,M,bibendum imperdiet nullam orci pede venenatis non sodales,aliquam,sapien varius,1
533,Antonino,Cometson,acometsones@samsung.com,M,,suscipit ligula,et,5
534,Blaine,Bendel,bbendelet@time.com,M,in felis donec semper sapien a,in,tortor,3
535,Karim,Northam,knorthameu@paginegialle.it,M,vivamus vel nulla eget eros,molestie lorem,in,1
536,Gerianne,Vearnals,gvearnalsev@cam.ac.uk,F,velit donec diam neque vestibulum eget vulputate ut,mi,non ligula pellentesque,2
537,Cleon,Shewsmith,cshewsmithew@google.pl,M,orci pede venenatis non sodales sed,vivamus vestibulum,lacinia eget,5
538,Gena,Gregoratti,ggregorattiex@jugem.jp,F,id massa id nisl venenatis,pellentesque quisque,dis,5
539,Hanan,Malenoir,hmalenoirey@miibeian.gov.cn,M,cursus vestibulum proin eu mi nulla ac enim in,cras mi,neque vestibulum,1
540,Verena,Giacobazzi,vgiacobazziez@fastcompany.com,F,rhoncus aliquet pulvinar sed nisl nunc rhoncus dui vel sem,ipsum primis,lacinia eget,4
541,Dahlia,Matevushev,dmatevushevf0@free.fr,F,enim lorem ipsum dolor sit amet consectetuer adipiscing,varius nulla,quis turpis,1
542,Penny,Kaminski,pkaminskif1@jigsy.com,F,vestibulum sagittis sapien cum sociis natoque penatibus et magnis,adipiscing elit,donec quis,5
543,Alfie,Dukelow,adukelowf2@google.fr,F,nonummy maecenas tincidunt lacus at velit vivamus,praesent,leo,4
544,Barnabe,Corcoran,bcorcoranf3@upenn.edu,M,sagittis sapien cum sociis natoque penatibus et magnis dis,in,duis,1
545,Coleen,Trood,ctroodf4@indiatimes.com,F,risus dapibus augue vel accumsan tellus nisi eu,ipsum,mi nulla ac,5
546,Marta,Valenta,mvalentaf5@illinois.edu,F,cum sociis natoque penatibus et magnis,vitae,blandit,5
547,Ursula,Henmarsh,uhenmarshf6@slashdot.org,F,a nibh in quis justo,vestibulum quam,vel nulla eget,3
548,Gert,Grassett,ggrassettf7@bing.com,F,cursus urna ut tellus nulla ut erat id,eleifend quam,maecenas ut,2
549,Nessi,Franck,nfranckf8@homestead.com,F,libero rutrum ac lobortis vel dapibus at diam nam,eu massa,vel augue,2
550,Amanda,Khan,akhanf9@simplemachines.org,F,quis justo maecenas rhoncus aliquam lacus morbi quis tortor,scelerisque,nulla,1
551,Fidelia,Anselm,fanselmfa@gmpg.org,F,vivamus vestibulum sagittis sapien cum,a,ornare imperdiet sapien,4
552,Allyson,McTeer,amcteerfb@sohu.com,F,porta volutpat quam pede lobortis ligula sit amet eleifend,ac lobortis,in imperdiet,2
553,Kasper,Makepeace,kmakepeacefc@princeton.edu,M,lectus in est risus auctor sed tristique in tempus sit,congue eget,nunc donec,5
554,Nikki,Andrejs,nandrejsfd@eepurl.com,M,lobortis est phasellus sit amet,non mauris,proin interdum mauris,2
555,Eileen,Gillivrie,egillivriefe@slideshare.net,F,nulla ultrices aliquet maecenas leo odio condimentum id luctus,nisl nunc,habitasse platea dictumst,2
556,Caesar,Hacquel,chacquelff@nhs.uk,M,convallis nunc proin at turpis a pede posuere nonummy,augue luctus,nascetur,4
557,Millie,Grayer,mgrayerfg@wsj.com,F,pulvinar nulla pede ullamcorper augue a suscipit,sollicitudin,turpis,2
558,Abbe,Gouly,agoulyfh@google.cn,M,massa quis augue luctus tincidunt nulla mollis,eu,vestibulum velit,3
559,Rowland,Nijssen,rnijssenfi@usda.gov,M,nulla integer pede justo lacinia eget tincidunt,nullam orci,vel lectus in,2
560,Kerr,Endricci,kendriccifj@tuttocitta.it,M,tristique fusce congue diam id ornare imperdiet sapien urna,platea,dui proin leo,2
561,Thornton,Cayzer,tcayzerfk@irs.gov,M,donec diam neque vestibulum eget vulputate ut ultrices,vel,ut blandit non,5
562,Alla,Kenlin,akenlinfl@businessweek.com,F,in lectus pellentesque at nulla suspendisse potenti cras,id turpis,leo,2
563,Nappie,Petrushkevich,npetrushkevichfm@tripod.com,M,justo in blandit ultrices enim lorem ipsum dolor,lorem id,eleifend,2
564,Martyn,Whiston,mwhistonfn@aboutads.info,M,in eleifend quam a odio in,duis,odio porttitor,3
565,Zack,Hamsher,zhamsherfo@gov.uk,M,mauris laoreet ut rhoncus aliquet pulvinar,congue diam,cubilia curae duis,5
566,Della,Horry,dhorryfp@blog.com,F,aliquet maecenas leo odio condimentum id,dui luctus,pede,2
567,Margarethe,Emanson,memansonfq@cnn.com,F,quis turpis sed ante vivamus tortor duis mattis egestas metus,mauris laoreet,phasellus in felis,2
568,Dmitri,Ferroni,dferronifr@yahoo.co.jp,M,tortor sollicitudin mi sit amet lobortis sapien sapien non mi,nec,sem,3
569,Walt,Shatliff,wshatlifffs@tamu.edu,M,,metus arcu,ac lobortis vel,1
570,Torrance,Pigrome,tpigromeft@is.gd,M,justo eu massa donec dapibus duis at velit eu est,parturient,pede,1
571,Baird,Simenel,bsimenelfu@google.ru,M,porttitor lacus at turpis donec posuere metus vitae,amet consectetuer,lectus,1
572,Shandy,Bollands,sbollandsfv@discuz.net,F,congue etiam justo etiam pretium,vitae nisi,accumsan tellus,3
573,Brook,Welbeck,bwelbeckfw@meetup.com,M,nisl nunc rhoncus dui vel sem sed sagittis nam congue,morbi vel,nulla sed,2
574,Aaren,McWhorter,amcwhorterfx@wordpress.org,F,varius nulla facilisi cras non velit nec nisi vulputate nonummy,cursus vestibulum,nisi,3
575,Carmon,Rook,crookfy@smugmug.com,F,praesent lectus vestibulum quam sapien varius ut blandit non interdum,ante,donec,2
576,Harley,Varker,hvarkerfz@reverbnation.com,F,nulla mollis molestie lorem quisque ut erat curabitur,tristique,mi nulla,5
577,Lauren,Scafe,lscafeg0@globo.com,M,,aenean lectus,convallis morbi odio,3
578,Arvin,Dimmer,adimmerg1@woothemes.com,M,cubilia curae donec pharetra magna vestibulum aliquet ultrices,in,luctus,2
579,Richy,de Almeida,rdealmeidag2@yandex.ru,M,cursus urna ut tellus nulla ut erat id mauris vulputate,fusce,eu,1
580,Dalia,Goodered,dgooderedg3@ucoz.com,F,curabitur in libero ut massa volutpat convallis morbi odio odio,dapibus nulla,justo,4
581,Shela,Jammes,sjammesg4@nifty.com,F,luctus ultricies eu nibh quisque,ut,eros,5
582,Esmeralda,McMurraya,emcmurrayag5@bigcartel.com,F,erat id mauris vulputate elementum,primis,a odio,5
583,Flore,Ferras,fferrasg6@nytimes.com,F,molestie lorem quisque ut erat curabitur gravida nisi at nibh,ac enim,eleifend,1
584,Emmet,Drohan,edrohang7@zimbio.com,M,dictumst aliquam augue quam sollicitudin vitae consectetuer eget,placerat,nonummy,1
585,Dav,Gillford,dgillfordg8@mayoclinic.com,M,dictumst etiam faucibus cursus urna ut tellus nulla,libero,eget,4
586,Cher,Marzelo,cmarzelog9@blogs.com,F,morbi non lectus aliquam sit amet diam,viverra,at nulla suspendisse,4
587,Ashlin,Josilowski,ajosilowskiga@github.io,M,et ultrices posuere cubilia curae mauris,neque vestibulum,laoreet ut,4
588,Ellissa,Lovitt,elovittgb@webs.com,F,in quam fringilla rhoncus mauris enim leo rhoncus sed,dui maecenas,morbi vestibulum,3
589,Allis,Hacaud,ahacaudgc@ameblo.jp,F,erat quisque erat eros viverra eget congue eget,augue a,hac habitasse platea,2
590,Ertha,Blaske,eblaskegd@nhs.uk,F,arcu sed augue aliquam erat volutpat in congue etiam,turpis,dui luctus rutrum,1
591,Kerwin,Cust,kcustge@si.edu,M,feugiat et eros vestibulum ac est lacinia nisi venenatis tristique,elementum,odio donec,3
592,Clare,Swyre,cswyregf@paypal.com,M,iaculis diam erat fermentum justo nec condimentum neque sapien,magna,vestibulum aliquet ultrices,1
593,Lyndel,Gumery,lgumerygg@ca.gov,F,curae duis faucibus accumsan odio curabitur convallis duis consequat dui,bibendum,sapien,2
594,Desiree,Grishakin,dgrishakingh@theguardian.com,F,mattis pulvinar nulla pede ullamcorper augue a suscipit,vestibulum sit,vitae,4
595,Janine,Dorant,jdorantgi@cocolog-nifty.com,F,duis aliquam convallis nunc proin at turpis a pede,nunc,volutpat in congue,2
596,Reina,Ruben,rrubengj@constantcontact.com,F,eu mi nulla ac enim in tempor turpis nec euismod,vestibulum,facilisi cras,3
597,Curcio,Tuley,ctuleygk@timesonline.co.uk,M,et eros vestibulum ac est lacinia nisi venenatis tristique,integer,quis odio consequat,1
598,Roseann,O'Keefe,rokeefegl@paypal.com,F,ultrices libero non mattis pulvinar nulla pede,accumsan,lectus in quam,4
599,Leena,Brattan,lbrattangm@mtv.com,F,bibendum felis sed interdum venenatis turpis enim,risus,id nisl venenatis,5
600,Karlene,Allott,kallottgn@mapquest.com,F,risus auctor sed tristique in tempus sit,ante vel,aliquet,4
601,Jenny,Linkie,jlinkiego@t-online.de,F,eu est congue elementum in hac habitasse platea,eu,penatibus et,5
602,Bendite,McVey,bmcveygp@yahoo.com,F,venenatis tristique fusce congue diam id ornare imperdiet sapien urna,egestas metus,non pretium quis,4
603,Rory,Trusslove,rtrusslovegq@si.edu,M,cras in purus eu magna,blandit mi,quis,5
604,Maegan,Djordjevic,mdjordjevicgr@icio.us,F,vitae ipsum aliquam non mauris morbi,integer,nec sem,2
605,Janis,McGowing,jmcgowinggs@myspace.com,F,ante ipsum primis in faucibus,vestibulum eget,elementum nullam varius,2
606,Cob,Gyorgy,cgyorgygt@mozilla.com,M,augue vel accumsan tellus nisi eu orci mauris lacinia,est,lobortis,3
607,Wileen,Heckle,whecklegu@ted.com,F,sapien iaculis congue vivamus metus arcu adipiscing molestie hendrerit,nec,vitae mattis nibh,5
608,Celisse,Gaydon,cgaydongv@princeton.edu,F,sapien non mi integer ac neque duis bibendum morbi,lacus curabitur,tortor,2
609,Gertrudis,Hentze,ghentzegw@fc2.com,F,,lectus,consequat,2
610,Eleen,Sibbson,esibbsongx@nifty.com,F,ipsum ac tellus semper interdum mauris ullamcorper,lobortis est,primis in,5
611,Max,Clynter,mclyntergy@trellian.com,M,nunc viverra dapibus nulla suscipit ligula in lacus curabitur at,quisque,in,3
612,Jenda,Balch,jbalchgz@china.com.cn,F,interdum venenatis turpis enim blandit mi in porttitor pede justo,at,nulla,4
613,Natale,Djorvic,ndjorvich0@intel.com,M,sapien in sapien iaculis congue vivamus metus arcu adipiscing molestie,ipsum dolor,viverra diam vitae,1
614,Patrice,Chadburn,pchadburnh1@go.com,F,est risus auctor sed tristique in tempus sit amet sem,faucibus orci,dui maecenas tristique,4
615,Janine,Tiffany,jtiffanyh2@ucla.edu,F,tellus in sagittis dui vel,vestibulum,in,1
616,Derrek,Bubbins,dbubbinsh3@miitbeian.gov.cn,M,pretium iaculis diam erat fermentum justo nec,nulla,ut tellus nulla,4
617,Jackie,Diloway,jdilowayh4@spotify.com,M,lacus at turpis donec posuere metus vitae ipsum aliquam non,lacus,lacinia aenean,5
618,Beret,Butchart,bbutcharth5@indiegogo.com,F,primis in faucibus orci luctus et ultrices posuere,euismod scelerisque,aenean,3
619,Conrade,Benoey,cbenoeyh6@nba.com,M,in tempor turpis nec euismod scelerisque quam,vulputate elementum,suspendisse accumsan tortor,5
620,Brigham,Venediktov,bvenediktovh7@plala.or.jp,M,quam nec dui luctus rutrum nulla tellus in,dolor,integer,2
621,Greggory,Arunowicz,garunowiczh8@networksolutions.com,M,enim sit amet nunc viverra dapibus nulla suscipit,pede,facilisi cras non,5
622,Sayer,Quickenden,squickendenh9@oaic.gov.au,M,,pretium iaculis,augue quam sollicitudin,5
623,Maddy,Board,mboardha@blog.com,M,turpis eget elit sodales scelerisque mauris sit amet eros,nunc,dui,4
624,Ernestine,Sherwyn,esherwynhb@is.gd,F,ut nunc vestibulum ante ipsum primis in faucibus,dictumst,volutpat,1
625,Raffaello,Tanner,rtannerhc@friendfeed.com,M,diam vitae quam suspendisse potenti nullam porttitor,congue etiam,pede justo,4
626,Cyrille,Banham,cbanhamhd@google.ca,M,duis bibendum morbi non quam nec dui,nulla nunc,ante vivamus tortor,5
627,Les,Ringrose,lringrosehe@google.com.br,M,magna vestibulum aliquet ultrices erat tortor sollicitudin,auctor sed,volutpat,4
628,Bethena,Elphee,belpheehf@howstuffworks.com,F,est risus auctor sed tristique in tempus sit,tristique tortor,ipsum dolor,5
629,Lancelot,Cutmore,lcutmorehg@dyndns.org,M,iaculis congue vivamus metus arcu adipiscing molestie hendrerit at,mauris,porta volutpat erat,4
630,Sim,Shutt,sshutthh@cornell.edu,M,pede libero quis orci nullam molestie,sodales,ac leo,3
631,Svend,Simla,ssimlahi@princeton.edu,M,porta volutpat erat quisque erat,etiam,massa volutpat,2
632,Doyle,Souster,dsousterhj@mapquest.com,M,consequat morbi a ipsum integer,consequat,pretium iaculis,4
633,Charisse,Huyhton,chuyhtonhk@plala.or.jp,F,porttitor id consequat in consequat ut nulla,ipsum,volutpat sapien arcu,1
634,Wenona,Le-Good,wlegoodhl@ameblo.jp,F,etiam pretium iaculis justo in hac,felis sed,ultrices,5
635,Jaquenetta,Gislebert,jgisleberthm@whitehouse.gov,F,nibh in quis justo maecenas rhoncus aliquam lacus morbi quis,dictumst,dis parturient,3
636,Morgen,Pullin,mpullinhn@diigo.com,M,turpis eget elit sodales scelerisque mauris sit,libero convallis,faucibus,5
637,Wayne,Asbrey,wasbreyho@liveinternet.ru,M,lobortis vel dapibus at diam nam,integer non,vulputate elementum nullam,5
638,Timmie,Kryszkiecicz,tkryszkieciczhp@soup.io,M,vestibulum ante ipsum primis in faucibus orci luctus et ultrices,mattis,enim leo rhoncus,5
639,Ned,Dadson,ndadsonhq@g.co,M,montes nascetur ridiculus mus vivamus vestibulum sagittis,viverra,aliquam non mauris,2
640,Maurie,Bautiste,mbautistehr@paginegialle.it,M,tempor convallis nulla neque libero convallis eget eleifend luctus,in,imperdiet,3
641,Alric,Roff,aroffhs@wordpress.com,M,pulvinar sed nisl nunc rhoncus dui vel,interdum in,eget nunc,4
642,Giana,Adam,gadamht@about.me,F,proin leo odio porttitor id consequat in consequat ut nulla,id,pretium,4
643,Rosina,Ioan,rioanhu@irs.gov,F,erat curabitur gravida nisi at,suscipit ligula,maecenas,3
644,Eugen,Antonijevic,eantonijevichv@wordpress.org,M,a nibh in quis justo maecenas rhoncus aliquam lacus morbi,mauris,non quam,5
645,Lani,Luchetti,lluchettihw@hostgator.com,F,ante vivamus tortor duis mattis egestas metus aenean fermentum donec,mauris vulputate,praesent id,1
646,Kendell,Adderson,kaddersonhx@usnews.com,M,ac lobortis vel dapibus at diam nam tristique tortor,adipiscing molestie,volutpat dui maecenas,1
647,Ragnar,Frankcom,rfrankcomhy@weebly.com,M,cursus vestibulum proin eu mi nulla,amet eleifend,felis eu sapien,5
648,Billye,Eagers,beagershz@army.mil,F,ante ipsum primis in faucibus,turpis,mi in porttitor,4
649,Christy,Dameisele,cdameiselei0@wp.com,F,scelerisque mauris sit amet eros suspendisse accumsan tortor quis turpis,erat,potenti,3
650,Anthea,Di Filippo,adifilippoi1@people.com.cn,F,volutpat in congue etiam justo etiam,ipsum primis,nam,1
651,Toinette,MacCallion,tmaccallioni2@clickbank.net,F,interdum in ante vestibulum ante,vestibulum,sociis natoque penatibus,3
652,Jermayne,Sandars,jsandarsi3@webmd.com,M,nulla sed vel enim sit amet nunc viverra,quisque ut,libero ut,5
653,Tess,Shervington,tshervingtoni4@mit.edu,F,turpis sed ante vivamus tortor,vitae consectetuer,nulla eget,5
654,Minnnie,Luckcuck,mluckcucki5@delicious.com,F,in ante vestibulum ante ipsum,vulputate ut,elit proin interdum,2
655,Kinnie,Ormerod,kormerodi6@slashdot.org,M,sollicitudin vitae consectetuer eget rutrum at lorem integer,quisque porta,convallis,4
656,Edward,McCarlich,emccarlichi7@cafepress.com,M,amet eros suspendisse accumsan tortor quis turpis,nunc viverra,odio,4
657,Angelico,Beaney,abeaneyi8@smh.com.au,M,odio elementum eu interdum eu,quisque,id nisl,4
658,Avrit,Matzke,amatzkei9@cnet.com,F,morbi sem mauris laoreet ut rhoncus,justo in,volutpat sapien arcu,1
659,Laurena,Suckling,lsucklingia@slate.com,F,diam neque vestibulum eget vulputate ut ultrices,in magna,ultrices,4
660,Gabrila,Sodo,gsodoib@cocolog-nifty.com,F,justo etiam pretium iaculis justo in hac habitasse,enim blandit,in hac habitasse,1
661,Donni,Giffon,dgiffonic@mayoclinic.com,F,,neque aenean,nisi nam,2
662,Bobbe,Ciccottio,bciccottioid@spotify.com,F,at dolor quis odio consequat varius integer,ante vivamus,primis,4
663,Forest,Scandrick,fscandrickie@globo.com,M,est congue elementum in hac habitasse platea dictumst morbi vestibulum,mauris vulputate,tellus nisi,4
664,Augie,Nusche,anuscheif@sciencedirect.com,M,convallis duis consequat dui nec nisi volutpat eleifend,viverra pede,nibh fusce lacus,4
665,Aidan,Gurry,agurryig@ucoz.com,F,aliquam convallis nunc proin at turpis,tincidunt eu,justo eu,1
666,Wallie,Dallewater,wdallewaterih@xinhuanet.com,M,in purus eu magna vulputate luctus cum,nullam,fusce,5
667,Marijn,Peeters,mpeetersii@unesco.org,M,sem fusce consequat nulla nisl nunc nisl duis bibendum,rutrum,non,3
668,Ugo,Perrelli,uperrelliij@list-manage.com,M,sit amet consectetuer adipiscing elit,est quam,placerat,2
669,Dredi,La Vigne,dlavigneik@home.pl,F,curabitur at ipsum ac tellus semper interdum mauris,scelerisque,sollicitudin vitae,1
670,Garey,Bitchener,gbitcheneril@patch.com,M,quam sapien varius ut blandit non interdum in,at velit,aliquet at feugiat,1
671,Kristofer,Lowman,klowmanim@w3.org,M,rutrum nulla tellus in sagittis dui vel nisl,eleifend luctus,massa id nisl,1
672,Kaylil,Ondracek,kondracekin@cbc.ca,F,consequat metus sapien ut nunc vestibulum ante ipsum primis in,amet,nisi at,2
673,Bonnie,Dorran,bdorranio@fotki.com,F,quis turpis sed ante vivamus,lorem integer,massa id,5
674,Sebastien,Collis,scollisip@shinystat.com,M,ultrices vel augue vestibulum ante ipsum primis in faucibus orci,ullamcorper,praesent id,5
675,Massimo,Draaisma,mdraaismaiq@domainmarket.com,M,purus eu magna vulputate luctus cum,vitae,justo,3
676,Irwin,Buzek,ibuzekir@spiegel.de,M,hac habitasse platea dictumst aliquam augue quam sollicitudin vitae consectetuer,vel,enim leo rhoncus,2
677,Candide,Andriolli,candriolliis@yahoo.co.jp,F,nisi vulputate nonummy maecenas tincidunt lacus at velit,vestibulum ante,donec,5
678,Amara,Aguirre,aaguirreit@bloomberg.com,F,et eros vestibulum ac est lacinia nisi venenatis tristique fusce,accumsan,consequat dui nec,1
679,Bourke,Sisse,bsisseiu@cbslocal.com,M,aliquam sit amet diam in magna,quam turpis,in,3
680,Ailsun,Thaxton,athaxtoniv@free.fr,F,eleifend donec ut dolor morbi vel lectus in quam fringilla,sit amet,non,2
681,Hubie,Enderle,henderleiw@blog.com,M,potenti nullam porttitor lacus at turpis,id,a nibh in,2
682,Stevy,Arthars,sartharsix@craigslist.org,M,,lobortis vel,a,2
683,Manolo,Cartlidge,mcartlidgeiy@gizmodo.com,M,vulputate elementum nullam varius nulla facilisi cras,primis,mollis,1
684,Ardene,Gagie,agagieiz@dot.gov,F,diam cras pellentesque volutpat dui maecenas,pede justo,ultrices posuere cubilia,1
685,Justinian,MacCarroll,jmaccarrollj0@wsj.com,M,in lacus curabitur at ipsum ac tellus,et magnis,metus,3
686,Riordan,Penwright,rpenwrightj1@si.edu,M,ultricies eu nibh quisque id justo sit amet,sapien,et,5
687,Janna,Tomaszewski,jtomaszewskij2@auda.org.au,F,ultrices enim lorem ipsum dolor sit amet,tortor,platea dictumst etiam,2
688,Emmalee,Haworth,ehaworthj3@behance.net,F,enim lorem ipsum dolor sit amet consectetuer adipiscing,quis orci,vivamus in felis,1
689,Aime,Clubb,aclubbj4@canalblog.com,F,eros vestibulum ac est lacinia nisi venenatis tristique,odio cras,velit id,1
690,Fernando,Silber,fsilberj5@pagesperso-orange.fr,M,vestibulum ante ipsum primis in faucibus orci luctus et,pharetra magna,ac enim,3
691,Lexi,Lodwig,llodwigj6@blogger.com,F,porttitor lorem id ligula suspendisse ornare consequat lectus in,accumsan,cubilia curae duis,5
692,Madalena,Oldcroft,moldcroftj7@blogtalkradio.com,F,quis lectus suspendisse potenti in eleifend quam a odio,elementum,eget,3
693,Dewain,Ledstone,dledstonej8@state.tx.us,M,ridiculus mus etiam vel augue vestibulum,maecenas tristique,lectus in,2
694,Lanny,Carlet,lcarletj9@sciencedaily.com,M,rutrum nulla tellus in sagittis dui vel,lacinia aenean,proin,2
695,Giuseppe,Grewer,ggrewerja@census.gov,M,phasellus id sapien in sapien iaculis congue vivamus metus,vestibulum eget,suspendisse potenti,2
696,Moritz,Schruur,mschruurjb@liveinternet.ru,M,donec quis orci eget orci vehicula condimentum curabitur,morbi quis,in lectus,3
697,Seamus,Tyt,stytjc@apache.org,M,sapien placerat ante nulla justo aliquam quis turpis eget elit,suspendisse,ligula vehicula,3
698,Paola,Upcott,pupcottjd@wikispaces.com,F,turpis a pede posuere nonummy integer non velit donec,rhoncus,posuere,3
699,Marilyn,Roderick,mroderickje@360.cn,F,ultricies eu nibh quisque id justo sit,hendrerit,ac nulla sed,5
700,Lucila,Lumbley,llumbleyjf@npr.org,F,nisi vulputate nonummy maecenas tincidunt,nec euismod,enim leo,1
701,Tim,Dikle,tdiklejg@nydailynews.com,M,aliquam erat volutpat in congue etiam,pretium iaculis,et ultrices,4
702,Lina,Fellon,lfellonjh@mayoclinic.com,F,consectetuer adipiscing elit proin risus,praesent blandit,sapien,4
703,Charlton,Gritsaev,cgritsaevji@bluehost.com,M,nisi vulputate nonummy maecenas tincidunt lacus,tellus semper,nec dui luctus,5
704,Brooke,Scamadin,bscamadinjj@cdc.gov,M,mi nulla ac enim in tempor turpis nec euismod,at turpis,in,1
705,Marcella,Maryet,mmaryetjk@jimdo.com,F,dapibus dolor vel est donec odio,ipsum primis,ut nulla,3
706,Jasper,Derrick,jderrickjl@merriam-webster.com,M,vulputate elementum nullam varius nulla facilisi cras non,pharetra magna,eget massa tempor,1
707,Tess,Bogart,tbogartjm@wikia.com,F,sapien arcu sed augue aliquam erat volutpat in congue etiam,venenatis,porta volutpat,3
708,Mattheus,Lonnon,mlonnonjn@goo.ne.jp,M,lorem ipsum dolor sit amet consectetuer adipiscing elit,eget eleifend,adipiscing molestie,1
709,Temp,Rupel,trupeljo@ucoz.com,M,justo nec condimentum neque sapien,turpis donec,est,5
710,Karita,Di Biasio,kdibiasiojp@amazon.co.jp,F,at dolor quis odio consequat,nunc,aliquet ultrices,4
711,Matthaeus,O'Bradane,mobradanejq@arstechnica.com,M,leo odio condimentum id luctus nec molestie sed justo,morbi,parturient montes nascetur,2
712,Isidora,Lourens,ilourensjr@jalbum.net,F,varius integer ac leo pellentesque ultrices,bibendum,nunc viverra dapibus,5
713,Petey,Putt,pputtjs@cafepress.com,M,aenean sit amet justo morbi ut odio cras mi pede,faucibus orci,nibh in quis,5
714,Fawnia,Tibb,ftibbjt@technorati.com,F,cubilia curae donec pharetra magna vestibulum,faucibus,nec nisi vulputate,3
715,Carny,Percifer,cperciferju@harvard.edu,M,vel lectus in quam fringilla rhoncus,ultrices posuere,nulla,5
716,Angel,De la Zenne,adelazennejv@nba.com,M,sagittis sapien cum sociis natoque penatibus,consectetuer,nisl,1
717,Michell,Kivelhan,mkivelhanjw@privacy.gov.au,F,diam neque vestibulum eget vulputate ut ultrices vel augue vestibulum,in,et eros vestibulum,3
718,Fallon,Prate,fpratejx@mtv.com,F,blandit non interdum in ante vestibulum ante ipsum primis in,quam sapien,vulputate vitae nisl,5
719,Marcelline,Isaacs,misaacsjy@slashdot.org,F,bibendum morbi non quam nec dui luctus rutrum nulla tellus,vestibulum,tellus,1
720,Sargent,Nairns,snairnsjz@zdnet.com,M,quis orci eget orci vehicula condimentum curabitur,in hac,tristique fusce,5
721,Clarance,Nudds,cnuddsk0@time.com,M,,vestibulum ante,tempor turpis,1
722,Sig,Bowland,sbowlandk1@arizona.edu,M,nisl nunc nisl duis bibendum felis sed,sagittis,quam a odio,1
723,Hans,Oneill,honeillk2@google.cn,M,in blandit ultrices enim lorem,id consequat,donec,3
724,Sandye,McCrory,smccroryk3@newsvine.com,F,leo rhoncus sed vestibulum sit,sit amet,imperdiet,5
725,Mahmud,Eaddy,meaddyk4@webs.com,M,accumsan tellus nisi eu orci mauris lacinia sapien quis,integer ac,id luctus,2
726,Rowney,Bolf,rbolfk5@irs.gov,M,,curabitur at,nisi eu orci,3
727,Decca,Glasman,dglasmank6@walmart.com,M,vitae nisi nam ultrices libero non mattis,nisi,faucibus,2
728,Beitris,Kulicke,bkulickek7@msu.edu,F,elit sodales scelerisque mauris sit amet eros suspendisse,nulla justo,in faucibus,5
729,Horacio,Chaff,hchaffk8@weather.com,M,non sodales sed tincidunt eu felis fusce posuere,parturient montes,pede justo lacinia,3
730,Petronille,Gingle,pginglek9@instagram.com,F,mauris viverra diam vitae quam suspendisse potenti nullam,volutpat,quam nec,5
731,Ivor,Roughley,iroughleyka@walmart.com,M,imperdiet sapien urna pretium nisl ut,porttitor,et ultrices,2
732,Rina,Channing,rchanningkb@yandex.ru,F,lobortis sapien sapien non mi integer,sit,posuere cubilia,3
733,Adolphe,Cuttell,acuttellkc@si.edu,M,ullamcorper purus sit amet nulla quisque arcu,ipsum,ipsum dolor,2
734,Eb,Tebbit,etebbitkd@sfgate.com,M,sapien urna pretium nisl ut volutpat sapien arcu sed,nibh in,eu,1
735,Ermin,Berrey,eberreyke@weibo.com,M,integer tincidunt ante vel ipsum praesent,curabitur,consequat dui nec,4
736,Dierdre,Oddie,doddiekf@usgs.gov,F,mi sit amet lobortis sapien sapien non mi integer ac,aliquam lacus,consectetuer adipiscing elit,2
737,Darbee,Matyatin,dmatyatinkg@histats.com,M,interdum mauris ullamcorper purus sit amet nulla,pede lobortis,ridiculus mus,5
738,Shauna,Snelle,ssnellekh@jiathis.com,F,donec vitae nisi nam ultrices libero non mattis pulvinar,erat,potenti,3
739,Tanhya,Antonucci,tantonucciki@bigcartel.com,F,in faucibus orci luctus et ultrices posuere cubilia curae,dictumst,scelerisque quam,1
740,Sheila,Spritt,ssprittkj@twitpic.com,F,pede justo lacinia eget tincidunt eget tempus vel pede,lacinia,nullam orci,2
741,Bryn,Yakovitch,byakovitchkk@ox.ac.uk,F,at nulla suspendisse potenti cras in purus,imperdiet,at,5
742,Ulrica,Kilfeather,ukilfeatherkl@theatlantic.com,F,mattis nibh ligula nec sem duis,nullam,purus sit amet,1
743,Ivy,Plaschke,iplaschkekm@nytimes.com,F,non quam nec dui luctus rutrum nulla,accumsan felis,risus semper,3
744,Shelba,Piel,spielkn@nymag.com,F,eleifend quam a odio in,cursus,pellentesque at,2
745,Barnabe,Clash,bclashko@arstechnica.com,M,in magna bibendum imperdiet nullam orci pede venenatis,primis in,accumsan,2
746,Stesha,Clemenzo,sclemenzokp@vimeo.com,F,imperdiet sapien urna pretium nisl,cubilia curae,nisl ut,1
747,Waldemar,Enticknap,wenticknapkq@xrea.com,M,nisl nunc rhoncus dui vel sem,volutpat quam,lacus purus,3
748,Frances,Stygall,fstygallkr@shinystat.com,F,phasellus id sapien in sapien iaculis,sed tristique,at ipsum,4
749,Patty,Kingsman,pkingsmanks@japanpost.jp,F,in hac habitasse platea dictumst maecenas ut massa quis augue,pharetra,morbi vel lectus,3
750,Truda,Rizzo,trizzokt@dyndns.org,F,fringilla rhoncus mauris enim leo rhoncus sed vestibulum sit,tempus,nisi volutpat,5
751,Margarete,Dominik,mdominikku@unesco.org,F,in hac habitasse platea dictumst aliquam augue quam sollicitudin,vestibulum,dolor,1
752,Franchot,Cammiemile,fcammiemilekv@cbc.ca,M,maecenas leo odio condimentum id luctus nec molestie sed,venenatis tristique,eleifend pede libero,2
753,Pascal,Dacca,pdaccakw@newsvine.com,M,erat tortor sollicitudin mi sit amet lobortis sapien sapien,eleifend,ligula nec sem,3
754,Josephine,Grimsley,jgrimsleykx@blogger.com,F,luctus et ultrices posuere cubilia curae mauris viverra diam vitae,luctus,erat,5
755,Horace,Orpwood,horpwoodky@storify.com,M,luctus tincidunt nulla mollis molestie lorem,luctus nec,orci,1
756,Fidel,Donalson,fdonalsonkz@booking.com,M,nulla nunc purus phasellus in felis donec,habitasse platea,magnis,1
757,Nichols,Shapter,nshapterl0@aol.com,M,vel sem sed sagittis nam congue risus semper porta,rutrum,amet,4
758,Dinah,Pogue,dpoguel1@cornell.edu,F,lacinia nisi venenatis tristique fusce,augue vestibulum,id nisl venenatis,1
759,Laughton,Ridding,lriddingl2@seesaa.net,M,ipsum primis in faucibus orci luctus,condimentum,ut nunc vestibulum,4
760,Tatiania,De Vuyst,tdevuystl3@webnode.com,F,eros viverra eget congue eget semper rutrum nulla nunc purus,rutrum ac,sodales sed,2
761,Adan,Duddy,aduddyl4@mapquest.com,M,habitasse platea dictumst maecenas ut massa,posuere felis,ligula in,4
762,Ezra,Posthill,eposthilll5@ihg.com,M,lorem ipsum dolor sit amet consectetuer adipiscing elit,enim leo,dolor sit,5
763,Vanya,Napper,vnapperl6@friendfeed.com,F,sollicitudin ut suscipit a feugiat et eros,ut suscipit,pede venenatis non,4
764,Bordy,Rowett,browettl7@nymag.com,M,,duis at,in,5
765,Jeremiah,Derrett,jderrettl8@thetimes.co.uk,M,phasellus sit amet erat nulla tempus vivamus in,aenean,ut mauris eget,3
766,Jesus,Jedrzejczyk,jjedrzejczykl9@ocn.ne.jp,M,velit nec nisi vulputate nonummy maecenas tincidunt lacus at,eget eros,in,4
767,Wendy,Happs,whappsla@webeden.co.uk,F,pretium iaculis diam erat fermentum justo nec condimentum,eu,in faucibus orci,1
768,Gunilla,Quantrill,gquantrilllb@patch.com,F,nulla pede ullamcorper augue a suscipit nulla,duis aliquam,pharetra magna ac,3
769,Gayel,Andre,gandrelc@utexas.edu,F,sit amet consectetuer adipiscing elit proin risus,eget semper,dui luctus rutrum,3
770,Allen,Wagen,awagenld@edublogs.org,M,massa volutpat convallis morbi odio odio,molestie sed,mauris non ligula,1
771,Kimble,Melia,kmeliale@webnode.com,M,sapien in sapien iaculis congue vivamus metus arcu,accumsan odio,turpis elementum,2
772,Bunnie,Balaam,bbalaamlf@drupal.org,F,rhoncus sed vestibulum sit amet cursus id turpis integer,quisque,nec sem duis,2
773,Nelia,Dosdill,ndosdilllg@bloglovin.com,F,id massa id nisl venenatis lacinia,ipsum primis,sem sed sagittis,1
774,Abner,Benam,abenamlh@ed.gov,M,at nibh in hac habitasse platea,elit,ut erat curabitur,2
775,Cello,Henighan,chenighanli@irs.gov,M,aliquet ultrices erat tortor sollicitudin mi sit,ligula,nulla elit ac,1
776,Paddie,Liptrod,pliptrodlj@php.net,M,viverra dapibus nulla suscipit ligula in lacus curabitur,nullam,venenatis turpis enim,3
777,Elenore,McGriffin,emcgriffinlk@photobucket.com,F,in est risus auctor sed tristique in tempus sit amet,parturient montes,suspendisse potenti,1
778,Lettie,Tincombe,ltincombell@github.io,F,mi nulla ac enim in,orci luctus,vivamus vestibulum sagittis,4
779,Claudie,Beebe,cbeebelm@woothemes.com,F,morbi non quam nec dui luctus,condimentum,ante ipsum,5
780,Fannie,Petkov,fpetkovln@ocn.ne.jp,F,ipsum primis in faucibus orci,in,donec ut mauris,4
781,Silvio,Noe,snoelo@parallels.com,M,aliquam sit amet diam in magna,egestas,cursus id,1
782,Davy,Narrie,dnarrielp@ovh.net,M,turpis sed ante vivamus tortor duis mattis,convallis,luctus et,1
783,Donetta,Wreiford,dwreifordlq@cafepress.com,F,pellentesque eget nunc donec quis,id,ac,2
784,Rudolf,Ewers,rewerslr@wordpress.org,M,vestibulum quam sapien varius ut blandit non,aliquam lacus,arcu libero,2
785,Idalia,Elfe,ielfels@japanpost.jp,F,aenean auctor gravida sem praesent id massa id,dolor vel,ligula pellentesque ultrices,5
786,Woodie,Chastenet,wchastenetlt@quantcast.com,M,at nibh in hac habitasse platea dictumst,vulputate,mattis pulvinar,1
787,Dur,Machent,dmachentlu@technorati.com,M,aliquam lacus morbi quis tortor id nulla,luctus,quis,1
788,Stephannie,McIver,smciverlv@europa.eu,F,ligula sit amet eleifend pede,libero,volutpat,5
789,Ivy,Peggs,ipeggslw@chron.com,F,ut at dolor quis odio,ipsum,accumsan tellus nisi,1
790,Jenda,Spencock,jspencocklx@istockphoto.com,F,mauris enim leo rhoncus sed vestibulum sit amet cursus id,in tempus,suscipit nulla,4
791,Sly,Leatherland,sleatherlandly@bloglines.com,M,lacinia erat vestibulum sed magna at,libero convallis,vel nisl,1
792,Osbourne,Rosenstein,orosensteinlz@nbcnews.com,M,sapien arcu sed augue aliquam erat volutpat,cubilia curae,a,3
793,Jackson,Skone,jskonem0@prweb.com,M,eget eros elementum pellentesque quisque porta volutpat erat,rhoncus mauris,at nibh in,1
794,Emmeline,Grewer,egrewerm1@slashdot.org,F,,accumsan,augue vel,5
795,Thorvald,Bytheway,tbythewaym2@weibo.com,M,in quam fringilla rhoncus mauris enim leo,posuere,primis in faucibus,1
796,Lev,Gulliver,lgulliverm3@goo.ne.jp,M,quisque porta volutpat erat quisque erat eros viverra eget,massa quis,vestibulum,4
797,Sascha,Dicker,sdickerm4@nytimes.com,M,nunc proin at turpis a pede posuere nonummy integer,et,nam dui,1
798,Ginevra,Beston,gbestonm5@youtube.com,F,quis lectus suspendisse potenti in eleifend quam,pede,nam,2
799,Cindra,Sketcher,csketcherm6@economist.com,F,sit amet nulla quisque arcu libero rutrum,amet cursus,sit amet,4
800,Carole,Lorenzetti,clorenzettim7@mozilla.com,F,ipsum ac tellus semper interdum mauris ullamcorper purus,eget massa,ut,5
801,Jeannie,Gater,jgaterm8@macromedia.com,F,convallis tortor risus dapibus augue vel,ligula,justo lacinia eget,3
802,Armin,Millwater,amillwaterm9@livejournal.com,M,hendrerit at vulputate vitae nisl aenean lectus pellentesque,nam congue,sed lacus,4
803,Juditha,Gosselin,jgosselinma@ow.ly,F,curabitur at ipsum ac tellus semper interdum,nunc vestibulum,cubilia,2
804,Andra,Graver,agravermb@unesco.org,F,aenean fermentum donec ut mauris eget massa tempor convallis nulla,varius nulla,urna pretium nisl,1
805,Nelson,Doggett,ndoggettmc@mapy.cz,M,donec odio justo sollicitudin ut suscipit a feugiat et eros,non,mauris,4
806,Davy,Oland,dolandmd@aboutads.info,M,ac enim in tempor turpis nec euismod,luctus ultricies,vel enim sit,2
807,Glory,Lovat,glovatme@mit.edu,F,suspendisse potenti in eleifend quam a,integer tincidunt,duis,1
808,Kendall,Duckett,kduckettmf@go.com,M,vestibulum ante ipsum primis in faucibus orci luctus,turpis,arcu libero,2
809,Clair,Teesdale,cteesdalemg@behance.net,F,justo in blandit ultrices enim lorem ipsum dolor sit amet,nam nulla,sociis,3
810,Isabelita,Lamont,ilamontmh@pen.io,F,,posuere cubilia,condimentum,5
811,Carmina,McConaghy,cmcconaghymi@posterous.com,F,,rutrum nulla,diam,5
812,Townie,Jillitt,tjillittmj@goo.ne.jp,M,nisi venenatis tristique fusce congue diam id ornare imperdiet sapien,iaculis justo,elit,1
813,Parker,Hindes,phindesmk@usatoday.com,M,sapien cum sociis natoque penatibus et magnis,sit amet,pede,1
814,Evvy,Crickett,ecrickettml@devhub.com,F,et ultrices posuere cubilia curae mauris viverra diam vitae quam,consectetuer,nulla,3
815,Horacio,Portis,hportismm@ning.com,M,ut massa volutpat convallis morbi odio odio,quis turpis,diam,5
816,Hyacintha,Jell,hjellmn@hud.gov,F,turpis elementum ligula vehicula consequat morbi a ipsum,donec,pede,2
817,Ingrim,Leipoldt,ileipoldtmo@archive.org,M,nec nisi vulputate nonummy maecenas,aliquet,amet erat nulla,1
818,Marleen,Anthon,manthonmp@jigsy.com,F,consequat in consequat ut nulla sed,luctus,vel,1
819,Jasen,Drust,jdrustmq@google.es,M,lacinia eget tincidunt eget tempus vel,mattis odio,sociis natoque penatibus,1
820,Brod,Pietruszka,bpietruszkamr@instagram.com,M,natoque penatibus et magnis dis parturient,in,velit vivamus vel,5
821,Wilbert,Bocken,wbockenms@microsoft.com,M,ut nulla sed accumsan felis ut at dolor quis odio,lectus,convallis nulla,2
822,Robers,Morteo,rmorteomt@chron.com,M,venenatis non sodales sed tincidunt eu felis,montes nascetur,in hac,1
823,Gibby,Wintringham,gwintringhammu@bandcamp.com,M,lobortis ligula sit amet eleifend,mi sit,platea dictumst,5
824,Rocky,Carnegie,rcarnegiemv@cbc.ca,M,pretium iaculis diam erat fermentum justo nec,imperdiet nullam,in leo maecenas,4
825,Travis,Duprey,tdupreymw@quantcast.com,M,enim sit amet nunc viverra dapibus nulla,sapien,faucibus,5
826,Brande,Dach,bdachmx@weibo.com,F,varius integer ac leo pellentesque ultrices mattis odio,ultrices vel,nunc,2
827,Roseline,Yarranton,ryarrantonmy@nytimes.com,F,orci pede venenatis non sodales sed tincidunt eu,amet eros,rutrum,2
828,Antonio,Proby,aprobymz@ebay.com,M,faucibus accumsan odio curabitur convallis duis consequat,sapien a,quam pharetra,1
829,Halimeda,Parton,hpartonn0@scribd.com,F,ante vel ipsum praesent blandit lacinia erat vestibulum,justo,vestibulum,3
830,Arte,Pfeffel,apfeffeln1@elegantthemes.com,M,vulputate vitae nisl aenean lectus,porttitor,ante ipsum primis,5
831,Corry,Guinn,cguinnn2@newyorker.com,F,lacinia nisi venenatis tristique fusce,primis in,aliquam,4
832,Goldarina,Girardengo,ggirardengon3@independent.co.uk,F,ullamcorper augue a suscipit nulla elit,sed vestibulum,non pretium quis,5
833,Gayleen,Gogie,ggogien4@gizmodo.com,F,sit amet sem fusce consequat nulla nisl nunc,potenti,dolor,2
834,Aldous,Tillard,atillardn5@booking.com,M,etiam faucibus cursus urna ut tellus nulla ut,in leo,curabitur convallis duis,4
835,Frieda,MacCrackan,fmaccrackann6@mashable.com,F,mauris morbi non lectus aliquam sit amet diam in,purus,nullam varius,3
836,Eula,Heartfield,eheartfieldn7@illinois.edu,F,pellentesque volutpat dui maecenas tristique est et tempus,nulla integer,duis bibendum,3
837,Rosaleen,Ales0,ralesn8@instagram.com,F,tristique fusce congue diam id ornare imperdiet,turpis adipiscing,nisl nunc,1
838,Hollie,Blethin,hblethinn9@dailymotion.com,F,in magna bibendum imperdiet nullam orci pede venenatis non sodales,erat,augue aliquam,3
839,Onida,Sigge,osiggena@newsvine.com,F,quis orci eget orci vehicula condimentum curabitur,lectus,vitae,1
840,Anastasia,Gehrels,agehrelsnb@noaa.gov,F,auctor sed tristique in tempus sit amet sem fusce consequat,id,duis,4
841,Issy,Zupa,izupanc@github.io,F,quis libero nullam sit amet turpis elementum,in lacus,sapien cum sociis,3
842,Blondie,Ferronier,bferroniernd@live.com,F,vestibulum vestibulum ante ipsum primis in faucibus,massa tempor,vehicula,1
843,Launce,Ost,lostne@bravesites.com,M,,sociis,sagittis nam congue,1
844,Fonz,Stilgo,fstilgonf@hugedomains.com,M,eget orci vehicula condimentum curabitur in libero ut massa volutpat,a feugiat,vestibulum,3
845,Cosme,Castiglio,ccastigliong@admin.ch,M,nunc proin at turpis a pede posuere nonummy,vestibulum,sollicitudin,3
846,Miller,Holdworth,mholdworthnh@hostgator.com,M,habitasse platea dictumst maecenas ut massa quis augue,penatibus,justo pellentesque viverra,2
847,Rosa,Stollberger,rstollbergerni@oaic.gov.au,F,accumsan tellus nisi eu orci mauris lacinia sapien quis,sapien cum,placerat praesent,1
848,Clark,Edeler,cedelernj@timesonline.co.uk,M,non velit donec diam neque vestibulum eget,accumsan felis,morbi,1
849,Bobbye,Baumler,bbaumlernk@linkedin.com,F,praesent id massa id nisl venenatis lacinia aenean,donec,hac habitasse,1
850,Claribel,Balas,cbalasnl@about.me,F,duis consequat dui nec nisi volutpat,orci,turpis,4
851,Royall,Bullerwell,rbullerwellnm@comsenz.com,M,mauris laoreet ut rhoncus aliquet pulvinar sed nisl nunc rhoncus,sem duis,sit amet consectetuer,1
852,Linc,Shead,lsheadnn@tinypic.com,M,vel sem sed sagittis nam congue,vestibulum proin,nunc,3
853,Aharon,Allardyce,aallardyceno@smh.com.au,M,curae nulla dapibus dolor vel est donec odio justo,cursus vestibulum,nam nulla integer,1
854,Elbertine,Lawling,elawlingnp@lulu.com,F,quam pharetra magna ac consequat metus sapien ut nunc,in lacus,sed,2
855,Bryana,Cessford,bcessfordnq@ucoz.com,F,integer tincidunt ante vel ipsum praesent blandit lacinia erat vestibulum,tortor quis,consequat in consequat,1
856,Mallory,Lettson,mlettsonnr@springer.com,M,,lobortis sapien,ligula,4
857,Euphemia,Nucator,enucatorns@usda.gov,F,in consequat ut nulla sed accumsan felis,faucibus,sed nisl nunc,5
858,Sonia,Elsmore,selsmorent@alexa.com,F,mi nulla ac enim in tempor turpis nec,volutpat sapien,at vulputate,2
859,Patsy,Stancer,pstancernu@zdnet.com,M,ligula nec sem duis aliquam convallis nunc proin,aliquet,praesent id,4
860,Adele,Clue,acluenv@google.nl,F,mauris lacinia sapien quis libero nullam sit amet,proin interdum,donec pharetra magna,4
861,Webster,Maybery,wmayberynw@icq.com,M,neque sapien placerat ante nulla justo aliquam quis,vitae nisl,tempus,3
862,Henka,Kalberer,hkalberernx@goo.gl,F,phasellus sit amet erat nulla tempus vivamus,pede,integer non,4
863,Archibold,Bolstridge,abolstridgeny@eventbrite.com,M,ante ipsum primis in faucibus orci luctus et,et commodo,egestas metus aenean,2
864,Richard,Marxsen,rmarxsennz@forbes.com,M,vehicula consequat morbi a ipsum integer a nibh in quis,vivamus,placerat praesent,1
865,Tabby,Blondelle,tblondelleo0@sogou.com,M,eu felis fusce posuere felis sed lacus morbi sem,pede posuere,diam id ornare,1
866,Aldwin,Yarrall,ayarrallo1@com.com,M,eros elementum pellentesque quisque porta volutpat erat quisque erat,montes nascetur,id,3
867,Harald,Storrs,hstorrso2@loc.gov,M,suspendisse ornare consequat lectus in est risus auctor sed,donec posuere,amet consectetuer,1
868,Alexis,Garriock,agarriocko3@cam.ac.uk,F,justo eu massa donec dapibus duis at velit eu,quam nec,tortor risus dapibus,4
869,Irwinn,Extence,iextenceo4@si.edu,M,amet eros suspendisse accumsan tortor quis,donec semper,lorem quisque,3
870,Mannie,Winstone,mwinstoneo5@nasa.gov,M,odio in hac habitasse platea dictumst,aenean sit,libero,2
871,Janene,Deetlof,jdeetlofo6@mlb.com,F,condimentum curabitur in libero ut massa volutpat,nunc,posuere cubilia,1
872,Angel,Kezourec,akezoureco7@nifty.com,M,arcu sed augue aliquam erat volutpat in congue,et,scelerisque mauris sit,2
873,Willard,Spoure,wspoureo8@ucsd.edu,M,integer ac neque duis bibendum morbi non quam,sit,aliquet ultrices erat,1
874,Gunther,Clute,gcluteo9@plala.or.jp,M,dis parturient montes nascetur ridiculus mus vivamus vestibulum,ipsum primis,nec nisi vulputate,1
875,Gregoor,Chicchetto,gchicchettooa@boston.com,M,nulla justo aliquam quis turpis eget,morbi,lectus aliquam sit,3
876,Randall,Duigenan,rduigenanob@dot.gov,M,rutrum ac lobortis vel dapibus,ut mauris,a nibh in,4
877,Raina,Shill,rshilloc@comsenz.com,F,tempus vel pede morbi porttitor lorem id,velit id,integer non velit,2
878,Mariam,Daviot,mdaviotod@gov.uk,F,est lacinia nisi venenatis tristique fusce congue diam id,pellentesque,lectus aliquam,3
879,Cleon,O'Doogan,codooganoe@npr.org,M,dictumst aliquam augue quam sollicitudin vitae consectetuer,gravida nisi,platea dictumst,4
880,Sumner,Lowde,slowdeof@com.com,M,porttitor id consequat in consequat ut nulla sed accumsan felis,ultrices phasellus,id nisl venenatis,2
881,Winni,Saxby,wsaxbyog@umich.edu,F,massa quis augue luctus tincidunt,elementum,nisi eu,1
882,Al,Matus,amatusoh@rediff.com,M,porttitor lorem id ligula suspendisse ornare consequat,magnis dis,orci,4
883,Hubey,Howkins,hhowkinsoi@cornell.edu,M,nunc vestibulum ante ipsum primis in faucibus,purus,in,2
884,Charmain,Baudains,cbaudainsoj@twitpic.com,F,nisl nunc nisl duis bibendum felis,porta volutpat,tristique in tempus,2
885,Kaspar,Truckett,ktruckettok@cbslocal.com,M,in libero ut massa volutpat convallis morbi,cubilia curae,viverra,5
886,Caldwell,Rushford,crushfordol@techcrunch.com,M,tellus nulla ut erat id mauris vulputate elementum nullam varius,accumsan tellus,tristique in,4
887,Michaela,Weaver,mweaverom@about.com,F,pretium iaculis justo in hac habitasse platea,risus,tincidunt nulla,3
888,Saidee,Brosch,sbroschon@amazonaws.com,F,,elementum,consectetuer,3
889,Konstantin,Gatenby,kgatenbyoo@skype.com,M,eget eros elementum pellentesque quisque,ac,cursus id,2
890,Brier,Gartenfeld,bgartenfeldop@home.pl,F,consequat nulla nisl nunc nisl,tempor,eleifend,3
891,Norah,Fozard,nfozardoq@bloomberg.com,F,magnis dis parturient montes nascetur ridiculus mus etiam vel,metus sapien,augue,1
892,Ivan,Leander,ileanderor@pen.io,M,et ultrices posuere cubilia curae donec,odio donec,est lacinia,4
893,Geoff,Linden,glindenos@issuu.com,M,pellentesque eget nunc donec quis orci eget orci vehicula,viverra eget,blandit mi in,3
894,Alonzo,Dracksford,adracksfordot@1688.com,M,nunc rhoncus dui vel sem sed sagittis nam congue risus,lectus pellentesque,donec,5
895,Hiram,Skillings,hskillingsou@house.gov,M,proin eu mi nulla ac enim,magna bibendum,ultrices phasellus,5
896,Hillard,Bewlie,hbewlieov@hc360.com,M,eu orci mauris lacinia sapien quis libero nullam,mattis egestas,eu mi,2
897,Jaimie,Mangeney,jmangeneyow@theglobeandmail.com,M,congue elementum in hac habitasse,a,sit,3
898,Mandi,Rubke,mrubkeox@cafepress.com,F,tincidunt eget tempus vel pede morbi porttitor lorem id ligula,proin eu,donec ut dolor,2
899,Kelli,Corbally,kcorballyoy@arizona.edu,F,platea dictumst morbi vestibulum velit id pretium,maecenas,lacus purus,1
900,Laurie,Mackney,lmackneyoz@bloglovin.com,F,blandit ultrices enim lorem ipsum,orci eget,nec nisi,5
901,Lynsey,Wegener,lwegenerp0@github.io,F,integer non velit donec diam neque vestibulum eget,vestibulum vestibulum,ante ipsum primis,4
902,Christoph,Benezeit,cbenezeitp1@nationalgeographic.com,M,vel enim sit amet nunc viverra,at,diam erat fermentum,1
903,Locke,Cyseley,lcyseleyp2@sitemeter.com,M,lobortis sapien sapien non mi integer ac neque,accumsan felis,metus,1
904,Giorgio,MacRorie,gmacroriep3@sitemeter.com,M,metus arcu adipiscing molestie hendrerit,nisl,quam nec dui,2
905,Billie,Delves,bdelvesp4@blogger.com,M,massa donec dapibus duis at velit eu est,id ligula,nullam sit amet,3
906,Donny,Poone,dpoonep5@bloglovin.com,M,sapien dignissim vestibulum vestibulum ante ipsum primis,ultrices posuere,pellentesque ultrices,5
907,Selby,Morgen,smorgenp6@ted.com,M,sit amet justo morbi ut odio cras mi pede malesuada,at velit,vivamus vel nulla,3
908,Noni,Dederick,ndederickp7@alibaba.com,F,quis turpis sed ante vivamus tortor,nascetur ridiculus,sociis natoque,1
909,Sansone,Siddele,ssiddelep8@hp.com,M,sagittis nam congue risus semper porta,sed tristique,ultrices mattis odio,1
910,Cindie,Pizzie,cpizziep9@google.com.au,F,aenean auctor gravida sem praesent id massa,ante vel,ultricies eu nibh,2
911,Bennett,Daniello,bdaniellopa@bigcartel.com,M,vulputate elementum nullam varius nulla facilisi cras non velit nec,dis,iaculis justo in,1
912,Filbert,Delahunty,fdelahuntypb@aol.com,M,vulputate justo in blandit ultrices enim,eros vestibulum,in,2
913,Johny,Wrightson,jwrightsonpc@weebly.com,M,pellentesque ultrices phasellus id sapien in sapien,a,ornare imperdiet,1
914,Rinaldo,McFfaden,rmcffadenpd@usa.gov,M,accumsan odio curabitur convallis duis consequat dui nec nisi,mi sit,sed interdum,5
915,Thomasine,Totton,ttottonpe@behance.net,F,pulvinar lobortis est phasellus sit amet erat nulla tempus vivamus,nascetur,ut at,4
916,Chelsey,Pabst,cpabstpf@woothemes.com,F,eget eleifend luctus ultricies eu nibh,posuere,ligula nec sem,4
917,Nara,Dafter,ndafterpg@zdnet.com,F,pharetra magna ac consequat metus,lectus,vulputate justo in,2
918,Clay,Osbidston,cosbidstonph@themeforest.net,M,ut ultrices vel augue vestibulum ante ipsum primis,sit amet,sed,3
919,Morie,Eyckel,meyckelpi@mysql.com,M,libero rutrum ac lobortis vel dapibus at,a,diam,4
920,Wendi,Diver,wdiverpj@gizmodo.com,F,sapien placerat ante nulla justo aliquam quis turpis,gravida sem,condimentum id,3
921,Charo,Ovey,coveypk@cbc.ca,F,enim sit amet nunc viverra dapibus nulla suscipit ligula in,sapien urna,venenatis tristique,5
922,Ban,Hagerty,bhagertypl@dailymotion.com,M,odio cras mi pede malesuada in imperdiet et,eros,pede,1
923,Wiatt,Middlemass,wmiddlemasspm@intel.com,M,neque aenean auctor gravida sem,velit vivamus,vestibulum sagittis sapien,2
924,Lexi,Gready,lgreadypn@guardian.co.uk,F,elementum eu interdum eu tincidunt in,congue,id justo,4
925,Sidnee,Grayling,sgraylingpo@123-reg.co.uk,M,volutpat eleifend donec ut dolor,luctus,sed tristique in,4
926,Darbee,von Grollmann,dvongrollmannpp@comsenz.com,M,etiam faucibus cursus urna ut tellus nulla,consequat dui,at turpis,2
927,Nolan,O'Flynn,noflynnpq@slate.com,M,maecenas rhoncus aliquam lacus morbi quis tortor id,ullamcorper purus,sagittis,2
928,Nilson,Novakovic,nnovakovicpr@ehow.com,M,leo pellentesque ultrices mattis odio donec vitae,enim blandit,adipiscing,3
929,Holli,Paszak,hpaszakps@drupal.org,F,at feugiat non pretium quis lectus suspendisse potenti,blandit lacinia,turpis nec,3
930,Coreen,Pock,cpockpt@arstechnica.com,F,diam erat fermentum justo nec condimentum neque sapien,massa quis,commodo placerat praesent,3
931,Bogey,Rape,brapepu@addtoany.com,M,ante vel ipsum praesent blandit,ipsum primis,sagittis dui,3
932,Kip,Pirrey,kpirreypv@ftc.gov,F,ut nunc vestibulum ante ipsum primis in faucibus orci luctus,nisl duis,luctus et ultrices,5
933,Elysia,Crummie,ecrummiepw@live.com,F,montes nascetur ridiculus mus etiam vel augue vestibulum,tempor,id,5
934,Fabian,Sargood,fsargoodpx@nsw.gov.au,M,ligula in lacus curabitur at ipsum ac tellus,pretium,pharetra magna ac,1
935,Artemus,Schneidar,aschneidarpy@phpbb.com,M,,vulputate,amet,2
936,Etta,Saw,esawpz@hibu.com,F,id nisl venenatis lacinia aenean sit amet justo,pede,pede,2
937,Ada,Paye,apayeq0@diigo.com,F,diam cras pellentesque volutpat dui maecenas tristique est et tempus,dui proin,neque vestibulum,4
938,Min,Redmire,mredmireq1@shareasale.com,F,sem mauris laoreet ut rhoncus aliquet pulvinar sed,mauris sit,diam id ornare,4
939,Jen,Curnow,jcurnowq2@myspace.com,F,id ligula suspendisse ornare consequat lectus in est risus,tempor,augue quam sollicitudin,2
940,Taylor,Perche,tpercheq3@nydailynews.com,M,augue luctus tincidunt nulla mollis molestie,ligula in,at,5
941,Barry,Baldam,bbaldamq4@mayoclinic.com,M,amet cursus id turpis integer aliquet massa id lobortis convallis,ridiculus mus,ut nunc,1
942,Rockie,Scotson,rscotsonq5@myspace.com,M,nec nisi volutpat eleifend donec ut dolor morbi vel lectus,suspendisse ornare,eros,1
943,Bram,Itzcovich,bitzcovichq6@mapquest.com,M,mattis odio donec vitae nisi nam ultrices libero non mattis,eu interdum,pellentesque viverra,5
944,Lucinda,Lamanby,llamanbyq7@tinypic.com,F,quam a odio in hac habitasse platea,id turpis,tellus in,3
945,Willabella,Hedau,whedauq8@ucoz.ru,F,erat nulla tempus vivamus in,justo sollicitudin,amet,2
946,Nettle,Grotty,ngrottyq9@discovery.com,F,eleifend pede libero quis orci,ac,at lorem integer,5
947,Domenic,Filipczynski,dfilipczynskiqa@cnbc.com,M,habitasse platea dictumst etiam faucibus cursus urna ut tellus,mauris,mattis nibh,2
948,Glenda,Scolli,gscolliqb@about.me,F,nisl duis ac nibh fusce lacus,urna pretium,ut,2
949,Brendan,Zarb,bzarbqc@usgs.gov,M,libero rutrum ac lobortis vel dapibus at diam nam tristique,praesent,odio consequat,4
950,Angelina,Ramplee,arampleeqd@aboutads.info,F,a nibh in quis justo maecenas rhoncus aliquam,vitae,est congue elementum,5
951,Verna,Burl,vburlqe@qq.com,F,nec dui luctus rutrum nulla tellus in sagittis dui,eget congue,fringilla rhoncus mauris,2
952,Nico,Clague,nclagueqf@twitter.com,M,quam nec dui luctus rutrum,nullam,habitasse platea dictumst,1
953,Pearl,Getcliff,pgetcliffqg@shop-pro.jp,F,luctus et ultrices posuere cubilia curae nulla dapibus dolor,turpis elementum,pede,1
954,Yorgo,Chaffin,ychaffinqh@narod.ru,M,amet nulla quisque arcu libero rutrum ac lobortis vel,diam neque,amet,1
955,Marnie,Mc Gee,mmcgeeqi@globo.com,F,semper rutrum nulla nunc purus phasellus in felis donec,enim,duis,3
956,Timothee,Foxcroft,tfoxcroftqj@ftc.gov,M,neque libero convallis eget eleifend luctus ultricies eu nibh quisque,in ante,accumsan felis ut,3
957,Franz,Ply,fplyqk@jalbum.net,M,morbi non lectus aliquam sit amet,blandit,elit,1
958,Koo,Barnfield,kbarnfieldql@51.la,F,vestibulum sagittis sapien cum sociis natoque penatibus,quam,sollicitudin mi,3
959,Fonsie,Leatt,fleattqm@arstechnica.com,M,nullam varius nulla facilisi cras non velit nec nisi,nunc,nisi eu orci,4
960,Leeanne,Upton,luptonqn@g.co,F,sapien cursus vestibulum proin eu mi nulla ac enim in,faucibus orci,nulla,2
961,Torrey,Haspineall,thaspineallqo@dion.ne.jp,M,ultrices vel augue vestibulum ante ipsum,nec,orci,4
962,Foss,Jecks,fjecksqp@ed.gov,M,placerat ante nulla justo aliquam quis,ullamcorper augue,non mattis,1
963,Paula,Rawsen,prawsenqq@marriott.com,F,nascetur ridiculus mus etiam vel augue vestibulum rutrum rutrum neque,mauris viverra,tortor eu,2
964,Sean,Egleton,segletonqr@freewebs.com,F,sed vestibulum sit amet cursus id turpis integer aliquet massa,diam vitae,cubilia curae nulla,2
965,Riki,Conrard,rconrardqs@blogs.com,F,felis sed interdum venenatis turpis enim blandit mi in porttitor,bibendum,quis,5
966,Iver,Burds,iburdsqt@ask.com,M,euismod scelerisque quam turpis adipiscing lorem vitae,sit amet,sapien,2
967,Thurston,Skoggins,tskogginsqu@slate.com,M,elit proin interdum mauris non,lobortis,non velit,3
968,Arlen,Moodey,amoodeyqv@about.me,F,id justo sit amet sapien dignissim vestibulum vestibulum ante ipsum,vehicula,pulvinar,3
969,Kinnie,Megarry,kmegarryqw@nba.com,M,congue elementum in hac habitasse platea dictumst,porta,tincidunt eu,4
970,Marv,Dumbarton,mdumbartonqx@gizmodo.com,M,at nunc commodo placerat praesent,leo,lectus in quam,2
971,Deloria,Mathwen,dmathwenqy@squarespace.com,F,leo pellentesque ultrices mattis odio donec vitae nisi nam ultrices,mauris lacinia,felis,2
972,Allen,Brader,abraderqz@webeden.co.uk,M,magna vestibulum aliquet ultrices erat tortor sollicitudin mi sit amet,congue,massa id nisl,1
973,Carlina,Moody,cmoodyr0@comcast.net,F,mi sit amet lobortis sapien sapien,suspendisse potenti,rhoncus sed,2
974,Anatole,Haglinton,ahaglintonr1@goo.gl,M,velit vivamus vel nulla eget eros,fermentum,porttitor id,4
975,Shoshanna,Keemar,skeemarr2@theatlantic.com,F,ac nibh fusce lacus purus aliquet at feugiat non,ullamcorper purus,ac,5
976,Micheal,Marjanovic,mmarjanovicr3@t-online.de,M,nulla tellus in sagittis dui vel nisl duis ac,dictumst aliquam,nunc donec quis,4
977,Jaye,Willstrop,jwillstropr4@archive.org,M,libero rutrum ac lobortis vel dapibus,sapien,vivamus,2
978,Johannah,Nial,jnialr5@washingtonpost.com,F,aliquam quis turpis eget elit,aliquam sit,morbi a ipsum,1
979,Gardie,Melpuss,gmelpussr6@bizjournals.com,M,,velit nec,nam tristique,1
980,Kaylyn,Sercombe,ksercomber7@jigsy.com,F,dui vel sem sed sagittis,eu felis,nulla,5
981,Trumann,Kelf,tkelfr8@blinklist.com,M,massa donec dapibus duis at velit eu,sociis,nam,3
982,Melony,Lindro,mlindror9@usgs.gov,F,luctus ultricies eu nibh quisque,nascetur,volutpat erat,4
983,Gabriell,Kemetz,gkemetzra@networkadvertising.org,F,hac habitasse platea dictumst morbi vestibulum,ornare imperdiet,in,1
984,Jarrett,Batch,jbatchrb@exblog.jp,M,,viverra,vestibulum quam,2
985,Culver,Radki,cradkirc@soup.io,M,ut nunc vestibulum ante ipsum primis in faucibus orci luctus,placerat ante,lacinia erat,4
986,Jemima,Keenlayside,jkeenlaysiderd@deviantart.com,F,eget congue eget semper rutrum nulla,dapibus,ut nulla sed,1
987,Sanson,Goforth,sgoforthre@acquirethisname.com,M,massa id lobortis convallis tortor risus dapibus augue vel,ac lobortis,vulputate vitae nisl,1
988,Friedrich,Scanderet,fscanderetrf@trellian.com,M,duis ac nibh fusce lacus purus aliquet at feugiat,odio,aenean auctor gravida,4
989,Korrie,Abrahamson,kabrahamsonrg@army.mil,F,sapien sapien non mi integer ac neque duis bibendum,lectus in,orci eget,2
990,Fredia,Girodon,fgirodonrh@bloomberg.com,F,eleifend donec ut dolor morbi vel lectus in quam fringilla,nam tristique,nunc donec,2
991,Wenonah,Shaughnessy,wshaughnessyri@paypal.com,F,justo in blandit ultrices enim lorem,tempus semper,vestibulum,2
992,Rowen,Dodwell,rdodwellrj@ovh.net,M,tempor turpis nec euismod scelerisque,in sapien,ante nulla justo,4
993,Courtney,Brosi,cbrosirk@artisteer.com,F,nisl venenatis lacinia aenean sit amet justo morbi ut,curae,primis,1
994,Luke,Torns,ltornsrl@psu.edu,M,,imperdiet et,eros,3
995,Evelin,Jobbins,ejobbinsrm@comcast.net,M,pellentesque eget nunc donec quis orci,sem,ipsum ac,4
996,Nefen,Sherwill,nsherwillrn@reuters.com,M,vestibulum quam sapien varius ut blandit non interdum,condimentum,rutrum,4
997,Nisse,Quinet,nquinetro@apple.com,F,amet sem fusce consequat nulla nisl nunc nisl duis,id nisl,convallis,2
998,Mahmud,Wannop,mwannoprp@msn.com,M,quam suspendisse potenti nullam porttitor,nisl aenean,blandit,2
999,Bryanty,Kydde,bkydderq@china.com.cn,M,commodo vulputate justo in blandit ultrices enim lorem ipsum dolor,ac,tortor,2
1000,Allen,Monckton,amoncktonrr@mail.ru,M,massa volutpat convallis morbi odio odio,amet,neque aenean,2
