user_id,first_name,last_name,email,gender,biography,password,department_id,is_employee
1,Jedd,Powys,jpowys0@photobucket.com,M,,Rp0M5u,4,FALSE
2,Vidovic,Olczak,volczak1@dell.com,M,orci luctus et ultrices posuere cubilia curae,Nr5U3j,3,FALSE
3,Belvia,Richardon,brichardon2@scientificamerican.com,F,,Mh8T3c,2,FALSE
4,Peggi,Janowicz,pjanowicz3@hp.com,F,ipsum primis in faucibus orci luctus et,Bj2O1c,2,FALSE
5,Windham,Fitzroy,wfitzroy4@salon.com,M,nisl nunc rhoncus dui vel sem,Zo2N1z,2,FALSE
6,Maximo,Longhi,mlonghi5@auda.org.au,M,dolor vel est donec odio justo sollicitudin ut suscipit,Ya8G8y,1,FALSE
7,Corbin,Elves,celves6@unicef.org,M,aenean lectus pellentesque eget nunc donec quis orci eget,Pa0Y2a,4,FALSE
8,Kenyon,O'Suaird,kosuaird7@accuweather.com,M,consequat nulla nisl nunc nisl duis bibendum felis sed,Is3Z3f,4,FALSE
9,Barbee,Ivanishchev,bivanishchev8@jiathis.com,F,sed justo pellentesque viverra pede ac diam cras pellentesque,Os3I1q,2,FALSE
10,Martha,Mattiello,mmattiello9@bloomberg.com,F,vestibulum ante ipsum primis in faucibus orci luctus,Bn8O7i,4,FALSE
11,Aretha,Ailsbury,aailsburya@shareasale.com,F,mauris laoreet ut rhoncus aliquet pulvinar sed nisl,Zh9Q4d,2,FALSE
12,Hashim,Barttrum,hbarttrumb@dropbox.com,M,nullam varius nulla facilisi cras non velit nec nisi vulputate,Kl3I1b,4,FALSE
13,Benedick,Howsin,bhowsinc@1688.com,M,elit ac nulla sed vel enim sit,Mm4L1i,4,FALSE
14,Arel,Henric,ahenricd@storify.com,M,imperdiet et commodo vulputate justo in blandit ultrices,Vi0J9h,4,FALSE
15,Susan,Axell,saxelle@ning.com,F,sapien cursus vestibulum proin eu mi nulla ac enim,Sm2L8f,3,FALSE
16,Audry,Charpin,acharpinf@biblegateway.com,F,nisl aenean lectus pellentesque eget nunc donec quis,Vq0Y2k,4,FALSE
17,Grant,Beurich,gbeurichg@cmu.edu,M,pede posuere nonummy integer non velit donec diam neque vestibulum,Bg4S4k,1,FALSE
18,Heinrik,Rubbert,hrubberth@hao123.com,M,erat eros viverra eget congue eget semper rutrum nulla nunc,Ys3M4q,2,FALSE
19,Jack,Yo,jyoi@icio.us,M,eu massa donec dapibus duis at velit,Vt4L2n,4,FALSE
20,Charlene,Pardey,cpardeyj@digg.com,F,,Qe2F4u,3,FALSE
21,Mariel,Tooby,mtoobyk@shutterfly.com,F,pellentesque ultrices phasellus id sapien in sapien iaculis congue,Qd3T1v,1,FALSE
22,Tristam,Tebbut,ttebbutl@mediafire.com,M,ultrices posuere cubilia curae mauris viverra diam vitae,Rm0Q4b,5,FALSE
23,Culley,Moutray Read,cmoutrayreadm@patch.com,M,dapibus nulla suscipit ligula in,Ay0O2y,5,FALSE
24,Meridel,Meineking,mmeinekingn@woothemes.com,F,rhoncus sed vestibulum sit amet cursus id,Ys9J9q,4,FALSE
25,Marena,Dakin,mdakino@xrea.com,F,in imperdiet et commodo vulputate justo in blandit ultrices enim,Mg0S3s,1,FALSE
26,Shellysheldon,D' Angelo,sdangelop@wix.com,M,vehicula consequat morbi a ipsum integer a nibh,Nq1H9j,3,FALSE
27,Reube,Peck,rpeckq@webs.com,M,sed augue aliquam erat volutpat in congue,Hv3R3t,1,FALSE
28,Gabie,Heikkinen,gheikkinenr@drupal.org,M,lacus purus aliquet at feugiat,Nr0E0b,1,FALSE
29,Darwin,Christie,dchristies@patch.com,M,,Yw6H2k,5,FALSE
30,Karl,Piddlehinton,kpiddlehintont@admin.ch,M,massa id lobortis convallis tortor risus dapibus,Jm6B1c,1,FALSE
31,Hart,Blomefield,hblomefieldu@trellian.com,M,donec quis orci eget orci vehicula,Ly5B7b,1,FALSE
32,Andres,Jerzykiewicz,ajerzykiewiczv@usatoday.com,M,,Nw7P9l,1,FALSE
33,Rubin,Fuzzard,rfuzzardw@weebly.com,M,praesent lectus vestibulum quam sapien varius,Sd6L3o,3,FALSE
34,Raven,Denisyuk,rdenisyukx@liveinternet.ru,F,nullam orci pede venenatis non,Qy4Y9h,1,FALSE
35,Jimmy,Brezlaw,jbrezlawy@ustream.tv,M,facilisi cras non velit nec nisi vulputate nonummy maecenas,Lf5G1y,3,FALSE
36,Jase,Bronger,jbrongerz@amazonaws.com,M,natoque penatibus et magnis dis parturient montes nascetur ridiculus,Fq1X0a,1,FALSE
37,Lizette,Riply,lriply10@4shared.com,F,quis justo maecenas rhoncus aliquam lacus morbi quis,Ja1P7g,2,FALSE
38,Krishna,Cringle,kcringle11@census.gov,M,dictumst morbi vestibulum velit id pretium iaculis diam erat,Xf1H5f,4,FALSE
39,Carrissa,Duffell,cduffell12@smh.com.au,F,nulla integer pede justo lacinia eget tincidunt eget,Qu5Q9g,1,FALSE
40,Quint,Kedwell,qkedwell13@sfgate.com,M,turpis eget elit sodales scelerisque mauris sit,Wz6Q0j,5,FALSE
41,Gwen,Whitewood,gwhitewood14@vk.com,F,consectetuer adipiscing elit proin interdum mauris non,Ao1U3m,3,FALSE
42,Ardene,Moyler,amoyler15@yale.edu,F,lorem ipsum dolor sit amet consectetuer adipiscing elit,Sy3S6s,3,FALSE
43,Paten,Brabin,pbrabin16@github.io,M,quam sapien varius ut blandit non interdum in ante,Zy9Q1t,1,FALSE
44,Monte,Grima,mgrima17@bigcartel.com,M,non velit nec nisi vulputate nonummy maecenas,Fk8V0x,4,FALSE
45,Red,Etchells,retchells18@amazon.co.jp,M,tortor quis turpis sed ante vivamus tortor duis mattis egestas,Xs9K5p,3,FALSE
46,Ferdinande,Leaves,fleaves19@sakura.ne.jp,F,aliquet pulvinar sed nisl nunc rhoncus dui vel,Tm3N2e,1,FALSE
47,Jefferson,Schrieves,jschrieves1a@seesaa.net,M,quam fringilla rhoncus mauris enim leo rhoncus sed vestibulum sit,El4Q9x,2,FALSE
48,Stillman,Garnar,sgarnar1b@prnewswire.com,M,aliquet at feugiat non pretium quis lectus,Ra5X7i,3,FALSE
49,Dari,Duhig,dduhig1c@mashable.com,F,consequat in consequat ut nulla sed accumsan felis ut at,Ur0L9y,5,FALSE
50,Tallia,Manwaring,tmanwaring1d@nsw.gov.au,F,nulla ut erat id mauris vulputate elementum nullam varius nulla,Ob3B5w,2,FALSE
51,Addi,Basillon,abasillon1e@sciencedirect.com,F,porta volutpat erat quisque erat,Ir4W1m,2,FALSE
52,Nigel,Izak,nizak1f@woothemes.com,M,non ligula pellentesque ultrices phasellus id sapien in sapien,Zu7M8m,2,FALSE
53,Andria,Scarr,ascarr1g@uol.com.br,F,nibh in lectus pellentesque at nulla suspendisse potenti cras,At1C4b,2,FALSE
54,Sibeal,McDermott,smcdermott1h@storify.com,F,,Fx1Y2f,3,FALSE
55,Wakefield,Nowell,wnowell1i@bing.com,M,integer ac leo pellentesque ultrices mattis odio,Nv1A5t,1,FALSE
56,Gaylord,Beney,gbeney1j@bigcartel.com,M,quis justo maecenas rhoncus aliquam lacus morbi quis tortor id,Kj9X4v,2,FALSE
57,Constanta,Bage,cbage1k@g.co,F,donec diam neque vestibulum eget vulputate ut ultrices vel,Hj5T1s,4,FALSE
58,Seumas,Mayhead,smayhead1l@soup.io,M,ridiculus mus vivamus vestibulum sagittis sapien,As1C6p,4,FALSE
59,Allene,Noad,anoad1m@pen.io,F,ultrices posuere cubilia curae donec pharetra magna vestibulum aliquet ultrices,Se6T7l,3,FALSE
60,Sylas,Heinke,sheinke1n@bandcamp.com,M,sem duis aliquam convallis nunc,Us9T7a,2,FALSE
61,Auberon,Aven,aaven1o@unc.edu,M,morbi odio odio elementum eu interdum eu tincidunt,Xw6P4h,1,FALSE
62,Tristan,Jikylls,tjikylls1p@independent.co.uk,M,fusce consequat nulla nisl nunc nisl,Sf4L4j,4,FALSE
63,Zachery,Schrinel,zschrinel1q@nydailynews.com,M,,Ia5J6g,4,FALSE
64,Wilona,Shepcutt,wshepcutt1r@deliciousdays.com,F,rhoncus aliquet pulvinar sed nisl nunc rhoncus dui,Di4N0c,4,FALSE
65,Antonina,Avon,aavon1s@dot.gov,F,mattis odio donec vitae nisi nam ultrices libero non,Qf8N6x,3,FALSE
66,Devora,Folini,dfolini1t@wiley.com,F,pede justo lacinia eget tincidunt,Hl7V5r,3,FALSE
67,Mandel,Haddrill,mhaddrill1u@irs.gov,M,integer aliquet massa id lobortis convallis,Sp9R7j,3,FALSE
68,Edgar,Dowling,edowling1v@webs.com,M,leo maecenas pulvinar lobortis est,Un9A0w,3,FALSE
69,Shay,Hallewell,shallewell1w@youku.com,F,lorem id ligula suspendisse ornare consequat lectus,Va0V0r,3,FALSE
70,Mellisa,Joul,mjoul1x@twitter.com,F,praesent lectus vestibulum quam sapien varius,Yu4C4d,5,FALSE
71,Vernice,Toyne,vtoyne1y@github.io,F,aenean sit amet justo morbi,Sb0C6r,1,FALSE
72,Mateo,Fasey,mfasey1z@howstuffworks.com,M,eleifend pede libero quis orci nullam molestie nibh,Xq9U9x,2,FALSE
73,Starlene,Rhys,srhys20@ehow.com,F,vulputate elementum nullam varius nulla,St7Y1e,5,FALSE
74,Spence,Charker,scharker21@liveinternet.ru,M,quisque id justo sit amet sapien dignissim vestibulum,Kl2T7h,5,FALSE
75,Amata,Carnock,acarnock22@independent.co.uk,F,cras pellentesque volutpat dui maecenas tristique est et,Sh6B0o,1,FALSE
76,Kippy,Claypool,kclaypool23@diigo.com,F,justo sollicitudin ut suscipit a feugiat et eros,Ie8N4i,5,FALSE
77,Emmalyn,Dongate,edongate24@un.org,F,erat quisque erat eros viverra eget congue,Eg9F7m,2,FALSE
78,Abran,Poynter,apoynter25@biblegateway.com,M,cursus id turpis integer aliquet massa id lobortis convallis tortor,Jb9U7l,3,FALSE
79,Fredi,Blader,fblader26@un.org,F,,Ll6M1a,3,FALSE
80,Chad,Playle,cplayle27@sina.com.cn,M,cras pellentesque volutpat dui maecenas tristique est,Kt3Y9o,1,FALSE
81,Terrance,Howieson,thowieson28@plala.or.jp,M,ultrices posuere cubilia curae mauris,Rx9Y0k,2,FALSE
82,Felice,Venny,fvenny29@mac.com,M,interdum mauris non ligula pellentesque ultrices phasellus id sapien in,Ja8M5w,2,FALSE
83,Alene,Hambridge,ahambridge2a@eepurl.com,F,quis libero nullam sit amet,Qt9Y8h,4,FALSE
84,Pearl,Sheather,psheather2b@biglobe.ne.jp,F,maecenas tristique est et tempus semper est quam,Go3S0r,3,FALSE
85,Barnie,Merrell,bmerrell2c@rakuten.co.jp,M,in purus eu magna vulputate luctus cum sociis,Qf0G3t,1,FALSE
86,Kellie,Gatfield,kgatfield2d@auda.org.au,F,,Ox3O6c,4,FALSE
87,Nelle,Fairfull,nfairfull2e@pcworld.com,F,convallis morbi odio odio elementum eu interdum eu,Su7T0u,4,FALSE
88,Lucio,Sivier,lsivier2f@fda.gov,M,in tempus sit amet sem,Mx9K1j,2,FALSE
89,Boothe,Fumagalli,bfumagalli2g@hibu.com,M,tortor risus dapibus augue vel,Do7Y7v,1,FALSE
90,Adela,Armit,aarmit2h@yellowpages.com,F,consequat metus sapien ut nunc vestibulum ante ipsum primis,Yx4L6v,4,FALSE
91,Sterling,Frarey,sfrarey2i@w3.org,M,duis bibendum morbi non quam nec dui luctus,Ap4Y2q,4,FALSE
92,Waring,Swarbrick,wswarbrick2j@tmall.com,M,,Bi1V5r,5,FALSE
93,Emlynn,O'Keenan,eokeenan2k@google.com.au,F,enim lorem ipsum dolor sit amet consectetuer,Vl0X3d,4,FALSE
94,Fanchette,Eayres,feayres2l@ovh.net,F,primis in faucibus orci luctus et ultrices posuere cubilia,Jy7M9l,2,FALSE
95,Calla,Aime,caime2m@t-online.de,F,felis donec semper sapien a libero nam dui proin,Nj7F1k,2,FALSE
96,Lemmy,McCritichie,lmccritichie2n@weibo.com,M,hac habitasse platea dictumst etiam faucibus cursus urna,Cu5X5u,2,FALSE
97,Bendite,Dufoure,bdufoure2o@whitehouse.gov,F,mauris eget massa tempor convallis,Uj8A5o,2,FALSE
98,Johnette,Malcher,jmalcher2p@utexas.edu,F,nibh in quis justo maecenas,Kt9X7g,2,FALSE
99,Steven,Lacroutz,slacroutz2q@home.pl,M,nulla suscipit ligula in lacus curabitur,Xd8F8l,4,FALSE
100,Erastus,Snadden,esnadden2r@miibeian.gov.cn,M,lectus suspendisse potenti in eleifend quam a,Pl7H4g,4,FALSE
501,Lesley,Mulvenna,lmulvennadw@naver.com,F,aliquam lacus morbi quis tortor id nulla ultrices,Tz7C2v,2,TRUE
502,Hally,Maltster,hmaltsterdx@cisco.com,F,,Ir2D7n,5,TRUE
503,Bella,Sweetlove,bsweetlovedy@nydailynews.com,F,,Pu1I9y,2,TRUE
504,Graham,Burgott,gburgottdz@qq.com,M,curae nulla dapibus dolor vel est donec odio justo,Jl5X9w,4,TRUE
505,Anselm,Lanfear,alanfeare0@google.ru,M,molestie hendrerit at vulputate vitae nisl aenean lectus pellentesque,Ma8Q8d,4,TRUE
506,Ronda,Van Giffen,rvangiffene1@earthlink.net,F,etiam faucibus cursus urna ut tellus nulla ut,Fd9B5p,1,TRUE
507,Clarence,Snoxell,csnoxelle2@netscape.com,M,quam sollicitudin vitae consectetuer eget rutrum,Xh0B3s,1,TRUE
508,Pippy,Reijmers,preijmerse3@abc.net.au,F,mauris enim leo rhoncus sed vestibulum sit amet,Rz2O4z,5,TRUE
509,Bernardine,Ceyssen,bceyssene4@blog.com,F,sed sagittis nam congue risus semper porta volutpat quam,Qs0B4r,4,TRUE
510,Lynna,Chillingsworth,lchillingsworthe5@dmoz.org,F,dapibus duis at velit eu est congue elementum,Tn2U6u,5,TRUE
511,Jeanie,Bonett,jbonette6@paginegialle.it,F,convallis nulla neque libero convallis eget eleifend,Hn9J4f,5,TRUE
512,Theodor,Hubbis,thubbise7@admin.ch,M,,Uu1F4w,5,TRUE
513,Ryon,Suart,rsuarte8@toplist.cz,M,interdum mauris ullamcorper purus sit amet nulla quisque,Tr3A9q,3,TRUE
514,Tabatha,Zelley,tzelleye9@51.la,F,elit sodales scelerisque mauris sit amet eros suspendisse accumsan tortor,Lc9B2d,3,TRUE
515,Elfreda,Chant,echantea@cocolog-nifty.com,F,in congue etiam justo etiam pretium iaculis justo in,Rb5O2w,4,TRUE
516,Tim,Iacapucci,tiacapuccieb@ameblo.jp,M,cursus id turpis integer aliquet massa id lobortis convallis tortor,Nb2X9a,1,TRUE
517,Bart,Patience,bpatienceec@yandex.ru,M,felis ut at dolor quis odio,Bd1R3f,2,TRUE
518,Orin,Antyukhin,oantyukhined@lulu.com,M,duis bibendum felis sed interdum venenatis turpis enim blandit mi,Cx4V6v,5,TRUE
519,Clementine,Cubitt,ccubittee@google.nl,F,egestas metus aenean fermentum donec ut mauris eget massa,Be6Y5n,3,TRUE
520,Ambrosius,Simionescu,asimionescuef@webeden.co.uk,M,nisi eu orci mauris lacinia sapien,Gh3Y7z,4,TRUE
521,Rozalie,Gherardesci,rgherardescieg@answers.com,F,sit amet diam in magna bibendum imperdiet nullam,Ay2T8c,2,TRUE
522,Hamnet,Doohan,hdoohaneh@ebay.com,M,in tempus sit amet sem fusce,Kl8U0l,1,TRUE
523,Russ,Frowde,rfrowdeei@domainmarket.com,M,felis sed interdum venenatis turpis,Gg8U7y,2,TRUE
524,Regen,Hammett,rhammettej@canalblog.com,M,justo morbi ut odio cras mi pede,Ze5V3v,1,TRUE
525,Billy,Waterman,bwatermanek@macromedia.com,F,risus praesent lectus vestibulum quam,Qb9A5q,1,TRUE
526,Willa,Redwing,wredwingel@archive.org,F,,Ay4H6t,1,TRUE
527,Christyna,Weyland,cweylandem@godaddy.com,F,mattis egestas metus aenean fermentum donec,Wi2K0u,3,TRUE
528,Germaine,Chessun,gchessunen@networksolutions.com,F,quis turpis eget elit sodales scelerisque,Fp0S4r,5,TRUE
529,Nataniel,Lantiff,nlantiffeo@sphinn.com,M,nulla facilisi cras non velit,Fx6B1m,4,TRUE
530,Lonna,Moyne,lmoyneep@mayoclinic.com,F,sit amet sem fusce consequat nulla nisl nunc,Xu1A2d,5,TRUE
531,Galvin,Kettley,gkettleyeq@skype.com,M,risus auctor sed tristique in,Pp9G2t,3,TRUE
532,Devin,Royle,droyleer@feedburner.com,M,bibendum imperdiet nullam orci pede venenatis non sodales,Tw3C7g,1,TRUE
533,Antonino,Cometson,acometsones@samsung.com,M,,Vc2V4x,5,TRUE
534,Blaine,Bendel,bbendelet@time.com,M,in felis donec semper sapien a,Sc6Z5t,3,TRUE
535,Karim,Northam,knorthameu@paginegialle.it,M,vivamus vel nulla eget eros,Yj0A4o,1,TRUE
536,Gerianne,Vearnals,gvearnalsev@cam.ac.uk,F,velit donec diam neque vestibulum eget vulputate ut,Cu0L3a,2,TRUE
537,Cleon,Shewsmith,cshewsmithew@google.pl,M,orci pede venenatis non sodales sed,Uy4O2r,5,TRUE
538,Gena,Gregoratti,ggregorattiex@jugem.jp,F,id massa id nisl venenatis,Ez4V9a,5,TRUE
539,Hanan,Malenoir,hmalenoirey@miibeian.gov.cn,M,cursus vestibulum proin eu mi nulla ac enim in,Sp9B6y,1,TRUE
540,Verena,Giacobazzi,vgiacobazziez@fastcompany.com,F,rhoncus aliquet pulvinar sed nisl nunc rhoncus dui vel sem,Hv2J4g,4,TRUE
541,Dahlia,Matevushev,dmatevushevf0@free.fr,F,enim lorem ipsum dolor sit amet consectetuer adipiscing,Nj9K4r,1,TRUE
542,Penny,Kaminski,pkaminskif1@jigsy.com,F,vestibulum sagittis sapien cum sociis natoque penatibus et magnis,Jr6K4n,5,TRUE
543,Alfie,Dukelow,adukelowf2@google.fr,F,nonummy maecenas tincidunt lacus at velit vivamus,Zh2G0i,4,TRUE
544,Barnabe,Corcoran,bcorcoranf3@upenn.edu,M,sagittis sapien cum sociis natoque penatibus et magnis dis,Ei1H6v,1,TRUE
545,Coleen,Trood,ctroodf4@indiatimes.com,F,risus dapibus augue vel accumsan tellus nisi eu,Pq4U7i,5,TRUE
546,Marta,Valenta,mvalentaf5@illinois.edu,F,cum sociis natoque penatibus et magnis,Ej0Z9o,5,TRUE
547,Ursula,Henmarsh,uhenmarshf6@slashdot.org,F,a nibh in quis justo,Vi4X9y,3,TRUE
548,Gert,Grassett,ggrassettf7@bing.com,F,cursus urna ut tellus nulla ut erat id,Oa3H5c,2,TRUE
549,Nessi,Franck,nfranckf8@homestead.com,F,libero rutrum ac lobortis vel dapibus at diam nam,Uf9K6b,2,TRUE
550,Amanda,Khan,akhanf9@simplemachines.org,F,quis justo maecenas rhoncus aliquam lacus morbi quis tortor,Am0P3f,1,TRUE
551,Fidelia,Anselm,fanselmfa@gmpg.org,F,vivamus vestibulum sagittis sapien cum,Hc0O7n,4,TRUE
552,Allyson,McTeer,amcteerfb@sohu.com,F,porta volutpat quam pede lobortis ligula sit amet eleifend,Ix2W3u,2,TRUE
553,Kasper,Makepeace,kmakepeacefc@princeton.edu,M,lectus in est risus auctor sed tristique in tempus sit,Yp9W9g,5,TRUE
554,Nikki,Andrejs,nandrejsfd@eepurl.com,M,lobortis est phasellus sit amet,Ph1R9d,2,TRUE
555,Eileen,Gillivrie,egillivriefe@slideshare.net,F,nulla ultrices aliquet maecenas leo odio condimentum id luctus,Fs4E9s,2,TRUE
556,Caesar,Hacquel,chacquelff@nhs.uk,M,convallis nunc proin at turpis a pede posuere nonummy,Ma9L8x,4,TRUE
557,Millie,Grayer,mgrayerfg@wsj.com,F,pulvinar nulla pede ullamcorper augue a suscipit,Fs4H8h,2,TRUE
558,Abbe,Gouly,agoulyfh@google.cn,M,massa quis augue luctus tincidunt nulla mollis,Ab2V2u,3,TRUE
559,Rowland,Nijssen,rnijssenfi@usda.gov,M,nulla integer pede justo lacinia eget tincidunt,Yw2H8c,2,TRUE
560,Kerr,Endricci,kendriccifj@tuttocitta.it,M,tristique fusce congue diam id ornare imperdiet sapien urna,Pn3Y3b,2,TRUE
561,Thornton,Cayzer,tcayzerfk@irs.gov,M,donec diam neque vestibulum eget vulputate ut ultrices,Ps4J5b,5,TRUE
562,Alla,Kenlin,akenlinfl@businessweek.com,F,in lectus pellentesque at nulla suspendisse potenti cras,Gp8P7h,2,TRUE
563,Nappie,Petrushkevich,npetrushkevichfm@tripod.com,M,justo in blandit ultrices enim lorem ipsum dolor,Wb6X0c,2,TRUE
564,Martyn,Whiston,mwhistonfn@aboutads.info,M,in eleifend quam a odio in,Cr3O9g,3,TRUE
565,Zack,Hamsher,zhamsherfo@gov.uk,M,mauris laoreet ut rhoncus aliquet pulvinar,Ke3W6k,5,TRUE
566,Della,Horry,dhorryfp@blog.com,F,aliquet maecenas leo odio condimentum id,Fc7O1x,2,TRUE
567,Margarethe,Emanson,memansonfq@cnn.com,F,quis turpis sed ante vivamus tortor duis mattis egestas metus,Nt8W4m,2,TRUE
568,Dmitri,Ferroni,dferronifr@yahoo.co.jp,M,tortor sollicitudin mi sit amet lobortis sapien sapien non mi,Bb0J7n,3,TRUE
569,Walt,Shatliff,wshatlifffs@tamu.edu,M,,Ib4E7a,1,TRUE
570,Torrance,Pigrome,tpigromeft@is.gd,M,justo eu massa donec dapibus duis at velit eu est,Kw6J3g,1,TRUE
571,Baird,Simenel,bsimenelfu@google.ru,M,porttitor lacus at turpis donec posuere metus vitae,Ct8E8x,1,TRUE
572,Shandy,Bollands,sbollandsfv@discuz.net,F,congue etiam justo etiam pretium,Tm5F7h,3,TRUE
573,Brook,Welbeck,bwelbeckfw@meetup.com,M,nisl nunc rhoncus dui vel sem sed sagittis nam congue,Md9Y7d,2,TRUE
574,Aaren,McWhorter,amcwhorterfx@wordpress.org,F,varius nulla facilisi cras non velit nec nisi vulputate nonummy,Zp1B3j,3,TRUE
575,Carmon,Rook,crookfy@smugmug.com,F,praesent lectus vestibulum quam sapien varius ut blandit non interdum,Ld7R8h,2,TRUE
576,Harley,Varker,hvarkerfz@reverbnation.com,F,nulla mollis molestie lorem quisque ut erat curabitur,Yx5E0u,5,TRUE
577,Lauren,Scafe,lscafeg0@globo.com,M,,Ep2W6c,3,TRUE
578,Arvin,Dimmer,adimmerg1@woothemes.com,M,cubilia curae donec pharetra magna vestibulum aliquet ultrices,Gs3T0u,2,TRUE
579,Richy,de Almeida,rdealmeidag2@yandex.ru,M,cursus urna ut tellus nulla ut erat id mauris vulputate,Yh3Z8k,1,TRUE
580,Dalia,Goodered,dgooderedg3@ucoz.com,F,curabitur in libero ut massa volutpat convallis morbi odio odio,Mm7G3s,4,TRUE
581,Shela,Jammes,sjammesg4@nifty.com,F,luctus ultricies eu nibh quisque,Bu1V1n,5,TRUE
582,Esmeralda,McMurraya,emcmurrayag5@bigcartel.com,F,erat id mauris vulputate elementum,Rh6Q4f,5,TRUE
583,Flore,Ferras,fferrasg6@nytimes.com,F,molestie lorem quisque ut erat curabitur gravida nisi at nibh,Cr7T5g,1,TRUE
584,Emmet,Drohan,edrohang7@zimbio.com,M,dictumst aliquam augue quam sollicitudin vitae consectetuer eget,Vk0Q3k,1,TRUE
585,Dav,Gillford,dgillfordg8@mayoclinic.com,M,dictumst etiam faucibus cursus urna ut tellus nulla,Wu8F3y,4,TRUE
586,Cher,Marzelo,cmarzelog9@blogs.com,F,morbi non lectus aliquam sit amet diam,Qq0C1n,4,TRUE
587,Ashlin,Josilowski,ajosilowskiga@github.io,M,et ultrices posuere cubilia curae mauris,Rl7O4y,4,TRUE
588,Ellissa,Lovitt,elovittgb@webs.com,F,in quam fringilla rhoncus mauris enim leo rhoncus sed,Pb2W8p,3,TRUE
589,Allis,Hacaud,ahacaudgc@ameblo.jp,F,erat quisque erat eros viverra eget congue eget,Ei6K5t,2,TRUE
590,Ertha,Blaske,eblaskegd@nhs.uk,F,arcu sed augue aliquam erat volutpat in congue etiam,Cc7V6s,1,TRUE
591,Kerwin,Cust,kcustge@si.edu,M,feugiat et eros vestibulum ac est lacinia nisi venenatis tristique,Ei0U1e,3,TRUE
592,Clare,Swyre,cswyregf@paypal.com,M,iaculis diam erat fermentum justo nec condimentum neque sapien,Dx7Q4r,1,TRUE
593,Lyndel,Gumery,lgumerygg@ca.gov,F,curae duis faucibus accumsan odio curabitur convallis duis consequat dui,Hb6K8e,2,TRUE
594,Desiree,Grishakin,dgrishakingh@theguardian.com,F,mattis pulvinar nulla pede ullamcorper augue a suscipit,Go4T0h,4,TRUE
595,Janine,Dorant,jdorantgi@cocolog-nifty.com,F,duis aliquam convallis nunc proin at turpis a pede,Oc1X7o,2,TRUE
596,Reina,Ruben,rrubengj@constantcontact.com,F,eu mi nulla ac enim in tempor turpis nec euismod,Fa9U5u,3,TRUE
597,Curcio,Tuley,ctuleygk@timesonline.co.uk,M,et eros vestibulum ac est lacinia nisi venenatis tristique,Nf5D2m,1,TRUE
598,Roseann,O'Keefe,rokeefegl@paypal.com,F,ultrices libero non mattis pulvinar nulla pede,Mu8Q4a,4,TRUE
599,Leena,Brattan,lbrattangm@mtv.com,F,bibendum felis sed interdum venenatis turpis enim,Qi4K4x,5,TRUE
600,Karlene,Allott,kallottgn@mapquest.com,F,risus auctor sed tristique in tempus sit,Vy7Y7k,4,TRUE
601,Jenny,Linkie,jlinkiego@t-online.de,F,eu est congue elementum in hac habitasse platea,Zl8L1o,1,TRUE
1001,Imani,Howe,imani.howe@hotmail.com,F,cubilia curae donec pharetra magna vestibulum aliquet ultrices,Xj9W6i,3,TRUE
1002,Hailey,Becker,hailey.becker32@gmail.com,F,cursus urna ut tellus nulla ut erat id mauris vulputate,Xk4H8l,3,TRUE
1003,Wendell,Gottlieb,wendell_gottlieb64@hotmail.com,M,curabitur in libero ut massa volutpat convallis morbi odio odio,Xs9L6f,4,TRUE
1004,Caroline ,Dicki,caroline_dicki@hotmail.com,F,luctus ultricies eu nibh quisque,So1Y8h,3,TRUE
1005,Moriah,Rubeni,moriah76@yahoo.com,F,erat id mauris vulputate elementum,Bt9Q1x,5,TRUE
1006,Thad,Farrell,thad_farrell8@hotmail.com,M,molestie lorem quisque ut erat curabitur gravida nisi at nibh,Yp9E9k,2,TRUE
1007,Kyle,Coles,kyle91@gmail.com,M,dictumst aliquam augue quam sollicitudin vitae consectetuer eget,Nc3K7e,5,TRUE
1008,Chet,Cole,chet_cole@yahoo.com,M,dictumst etiam faucibus cursus urna ut tellus nulla,Aq6I0v,4,TRUE
1009,Emie,Koepp,emie.koepp65@yahoo.com,F,morbi non lectus aliquam sit amet diam,Rn5H9r,1,TRUE
1010,Cesar,Cremin,cesar.cremin@gmail.com,M,et ultrices posuere cubilia curae mauris,Oy1B8v,5,TRUE
1011,William,Defoe,william95@hotmail.com,M,in quam fringilla rhoncus mauris enim leo rhoncus sed,Ze2T4n,2,TRUE
1012,Daryl,Jacobs,daryl_jacobs31@gmail.com,M,erat quisque erat eros viverra eget congue eget,Bq7G6v,4,TRUE
1013,Freida,Tule,freida39@hotmail.com,F,arcu sed augue aliquam erat volutpat in congue etiam,Uv7W3d,4,TRUE
1014,Earl,Alott,earl0@yahoo.com,M,feugiat et eros vestibulum ac est lacinia nisi venenatis tristique,Av0Z2w,2,TRUE
1015,Leonel,Halvorson,leonel.halvorson85@gmail.com,M,iaculis diam erat fermentum justo nec condimentum neque sapien,Sr6O6q,4,TRUE
1016,Rebeka,O'Conner,rebeka_oconner@gmail.com,F,curae duis faucibus accumsan odio curabitur convallis duis consequat dui,Gp2O8f,4,TRUE
1017,Reid,Bekker,reid37@hotmail.com,F,mattis pulvinar nulla pede ullamcorper augue a suscipit,Yg9Y3k,3,TRUE
1018,Cortney,Considine,cortney_considine@gmail.com,F,duis aliquam convallis nunc proin at turpis a pede,Cs3H7r,2,TRUE
1019,Libbie,Howwe,libbie36@hotmail.com,F,eu mi nulla ac enim in tempor turpis nec euismod,Bi0U1y,1,TRUE
1020,Andrea,Scott,scottie0@gmail.com,F,et eros vestibulum ac est lacinia nisi venenatis tristique,Te8U8j,4,TRUE
